第16任總統副總統選舉候選人在臺南市各投開票所得票數一覽表,,,,,,,,,,,,,
鄉(鎮、市、區)別,村里別,投開票所別,各組候選人得票情形,,,"有效票數A
A=1+2+...+N",無效票數B,"投票數C
C=A+B","已領未投票數
D
D=E-C","發出票數E
E=C+D",用餘票數F,"選舉人數G
G=E+F","投票率H
H=C÷G"
,,,"(1)
柯文哲
吳欣盈","(2)
賴清德
蕭美琴","(3)
侯友宜
趙少康",,,,,,,,
,,,,,,,,,,,,,
,,,,,,,,,,,,,
總　計,,,"262,560","570,811","286,867","1,120,238","7,977","1,128,215",17,"1,128,232","439,200","1,567,432",71.98
　後壁區,,,"2,606","7,449","3,180","13,235",103,"13,338",1,"13,339","6,053","19,392",68.78
,後壁里,0001,82,262,138,482,1,483,0,483,204,687,70.31
,後壁里,0002,137,297,175,609,2,611,0,611,250,861,70.96
,侯伯里,0003,94,254,114,462,3,465,0,465,240,705,65.96
,侯伯里,0004,72,195,65,332,2,334,0,334,157,491,68.02
,嘉苳里,0005,153,334,182,669,5,674,0,674,312,986,68.36
,嘉苳里,0006,35,95,28,158,2,160,0,160,61,221,72.40
,土溝里,0007,57,176,58,291,6,297,0,297,128,425,69.88
,土溝里,0008,115,329,100,544,6,550,0,550,246,796,69.10
,上茄苳里,0009,111,446,147,704,0,704,1,705,304,"1,009",69.77
,上茄苳里,0010,124,460,148,732,4,736,0,736,300,"1,036",71.04
,菁豐里,0011,106,277,132,515,6,521,0,521,215,736,70.79
,菁豐里,0012,47,153,82,282,2,284,0,284,144,428,66.36
,菁寮里,0013,40,123,73,236,3,239,0,239,97,336,71.13
,菁寮里,0014,66,237,92,395,4,399,0,399,182,581,68.67
,菁寮里,0015,40,121,75,236,5,241,0,241,142,383,62.92
,新嘉里,0016,55,218,61,334,3,337,0,337,154,491,68.64
,新嘉里,0017,59,176,53,288,5,293,0,293,135,428,68.46
,長短樹里,0018,116,328,162,606,10,616,0,616,290,906,67.99
,長短樹里,0019,41,219,72,332,2,334,0,334,134,468,71.37
,長短樹里,0020,73,196,73,342,3,345,0,345,164,509,67.78
,竹新里,0021,107,415,94,616,6,622,0,622,235,857,72.58
,竹新里,0022,66,156,52,274,3,277,0,277,135,412,67.23
,新東里,0023,83,223,95,401,2,403,0,403,216,619,65.11
,新東里,0024,168,326,135,629,3,632,0,632,342,974,64.89
,頂安里,0025,172,418,251,841,6,847,0,847,375,"1,222",69.31
,長安里,0026,91,216,124,431,3,434,0,434,179,613,70.80
,長安里,0027,67,186,105,358,2,360,0,360,168,528,68.18
,福安里,0028,75,225,79,379,2,381,0,381,196,577,66.03
,福安里,0029,154,388,215,757,2,759,0,759,348,"1,107",68.56
　白河區,,,"2,874","8,608","3,694","15,176",163,"15,339",0,"15,339","7,674","23,013",66.65
,白河里,0030,104,377,164,645,5,650,0,650,290,940,69.15
,白河里,0031,101,245,110,456,2,458,0,458,229,687,66.67
,永安里,0032,103,315,128,546,5,551,0,551,244,795,69.31
,永安里,0033,137,369,170,676,5,681,0,681,284,965,70.57
,永安里,0034,158,395,220,773,7,780,0,780,299,"1,079",72.29
,外角里,0035,68,185,66,319,2,321,0,321,165,486,66.05
,外角里,0036,123,297,105,525,4,529,0,529,318,847,62.46
,庄內里,0037,91,247,91,429,4,433,0,433,223,656,66.01
,庄內里,0038,130,366,146,642,4,646,0,646,240,886,72.91
,秀祐里,0039,137,315,146,598,6,604,0,604,261,865,69.83
,河東里,0040,86,302,128,516,6,522,0,522,233,755,69.14
,河東里,0041,73,184,77,334,2,336,0,336,163,499,67.33
,虎山里,0042,53,160,74,287,2,289,0,289,126,415,69.64
,大林里,0043,60,222,49,331,6,337,0,337,199,536,62.87
,崁頭里,0044,36,111,49,196,4,200,0,200,139,339,59.00
,六溪里,0045,34,183,55,272,1,273,0,273,190,463,58.96
,關嶺里,0046,63,214,95,372,3,375,0,375,215,590,63.56
,關嶺里,0047,33,105,87,225,1,226,0,226,127,353,64.02
,仙草里,0048,40,89,97,226,0,226,0,226,163,389,58.10
,仙草里,0049,52,261,98,411,9,420,0,420,279,699,60.09
,詔豐里,0050,81,320,85,486,9,495,0,495,257,752,65.82
,詔豐里,0051,133,427,169,729,7,736,0,736,352,"1,088",67.65
,大竹里,0052,87,239,104,430,6,436,0,436,222,658,66.26
,大竹里,0053,86,219,106,411,5,416,0,416,221,637,65.31
,廣蓮里,0054,70,214,88,372,3,375,0,375,209,584,64.21
,廣蓮里,0055,96,323,136,555,10,565,0,565,236,801,70.54
,竹門里,0056,114,280,151,545,4,549,0,549,259,808,67.95
,崎內里,0057,68,216,133,417,6,423,0,423,246,669,63.23
,昇安里,0058,142,335,132,609,7,616,0,616,262,878,70.16
,昇安里,0059,66,141,63,270,7,277,0,277,123,400,69.25
,汴頭里,0060,59,281,77,417,3,420,0,420,247,667,62.97
,內角里,0061,57,247,100,404,4,408,0,408,202,610,66.89
,馬稠後里,0062,93,252,147,492,6,498,0,498,262,760,65.53
,馬稠後里,0063,40,172,48,260,8,268,0,268,189,457,58.64
　北門區,,,"1,031","3,131","1,420","5,582",35,"5,617",0,"5,617","3,462","9,079",61.87
,永隆里,0064,42,161,59,262,4,266,0,266,161,427,62.30
,永隆里,0065,27,89,92,208,3,211,0,211,158,369,57.18
,北門里,0066,64,133,78,275,2,277,0,277,145,422,65.64
,北門里,0067,29,121,59,209,0,209,0,209,132,341,61.29
,玉港里,0068,34,139,34,207,0,207,0,207,111,318,65.09
,玉港里,0069,37,136,48,221,1,222,0,222,119,341,65.10
,保吉里,0070,76,225,126,427,3,430,0,430,248,678,63.42
,保吉里,0071,69,169,116,354,1,355,0,355,223,578,61.42
,蚵寮里,0072,64,159,90,313,0,313,0,313,217,530,59.06
,蚵寮里,0073,58,145,80,283,1,284,0,284,221,505,56.24
,蚵寮里,0074,25,128,28,181,0,181,0,181,95,276,65.58
,雙春里,0075,37,153,75,265,3,268,0,268,164,432,62.04
,錦湖里,0076,96,293,134,523,2,525,0,525,365,890,58.99
,慈安里,0077,94,222,100,416,3,419,0,419,287,706,59.35
,三光里,0078,88,213,99,400,3,403,0,403,221,624,64.58
,三光里,0079,69,197,51,317,2,319,0,319,179,498,64.06
,文山里,0080,58,236,65,359,4,363,0,363,203,566,64.13
,文山里,0081,64,212,86,362,3,365,0,365,213,578,63.15
　學甲區,,,"3,039","8,524","3,153","14,716",112,"14,828",0,"14,828","6,820","21,648",68.50
,秀昌里,0082,141,291,122,554,3,557,0,557,247,804,69.28
,秀昌里,0083,96,291,86,473,4,477,0,477,236,713,66.90
,秀昌里,0084,134,352,122,608,4,612,0,612,291,903,67.77
,明宜里,0085,125,436,122,683,5,688,0,688,336,"1,024",67.19
,明宜里,0086,122,325,140,587,6,593,0,593,203,796,74.50
,慈福里,0087,102,213,106,421,2,423,0,423,157,580,72.93
,慈福里,0088,168,324,140,632,6,638,0,638,282,920,69.35
,慈福里,0089,63,135,98,296,4,300,0,300,117,417,71.94
,仁得里,0090,158,385,132,675,5,680,0,680,277,957,71.06
,仁得里,0091,134,412,166,712,6,718,0,718,314,"1,032",69.57
,仁得里,0092,118,351,133,602,4,606,0,606,244,850,71.29
,仁得里,0093,143,335,136,614,2,616,0,616,209,825,74.67
,新達里,0094,108,244,131,483,3,486,0,486,195,681,71.37
,新達里,0095,86,225,115,426,1,427,0,427,266,693,61.62
,新達里,0096,75,229,77,381,2,383,0,383,194,577,66.38
,新榮里,0097,168,496,144,808,4,812,0,812,367,"1,179",68.87
,新榮里,0098,231,481,195,907,5,912,0,912,367,"1,279",71.31
,大灣里,0099,118,339,145,602,11,613,0,613,287,900,68.11
,豐和里,0100,142,490,121,753,6,759,0,759,385,"1,144",66.35
,中洲里,0101,105,279,119,503,4,507,0,507,249,756,67.06
,中洲里,0102,69,182,98,349,1,350,0,350,171,521,67.18
,光華里,0103,81,335,70,486,9,495,0,495,290,785,63.06
,光華里,0104,51,134,40,225,1,226,0,226,132,358,63.13
,宅港里,0105,79,313,105,497,2,499,0,499,259,758,65.83
,平和里,0106,99,427,90,616,4,620,0,620,336,956,64.85
,三慶里,0107,52,209,96,357,6,363,0,363,193,556,65.29
,三慶里,0108,36,165,60,261,1,262,0,262,127,389,67.35
,三慶里,0109,35,126,44,205,1,206,0,206,89,295,69.83
　鹽水區,,,"3,056","7,882","3,229","14,167",131,"14,298",1,"14,299","6,955","21,254",67.27
,水秀里,0110,163,422,151,736,7,743,0,743,331,"1,074",69.18
,水秀里,0111,64,151,97,312,2,314,0,314,135,449,69.93
,津城里,0112,96,245,111,452,4,456,0,456,169,625,72.96
,津城里,0113,37,111,42,190,4,194,0,194,92,286,67.83
,津城里,0114,64,189,73,326,2,328,0,328,144,472,69.49
,月港里,0115,117,255,149,521,2,523,0,523,215,738,70.87
,月港里,0116,34,97,63,194,4,198,0,198,98,296,66.89
,月港里,0117,59,148,111,318,1,319,0,319,142,461,69.20
,橋南里,0118,134,379,167,680,6,686,0,686,350,"1,036",66.22
,橋南里,0119,221,448,210,879,5,884,0,884,436,"1,320",66.97
,橋南里,0120,209,395,207,811,5,816,0,816,403,"1,219",66.94
,岸內里,0121,254,476,246,976,5,981,0,981,487,"1,468",66.83
,岸內里,0122,208,461,199,868,5,873,0,873,386,"1,259",69.34
,岸內里,0123,171,350,177,698,2,700,0,700,363,"1,063",65.85
,汫水里,0124,103,379,64,546,9,555,0,555,302,857,64.76
,義中里,0125,122,306,108,536,4,540,1,541,287,828,65.22
,義中里,0126,69,260,104,433,3,436,0,436,261,697,62.55
,三明里,0127,108,349,76,533,12,545,0,545,212,757,71.99
,三明里,0128,46,98,33,177,0,177,0,177,86,263,67.30
,三明里,0129,45,173,54,272,2,274,0,274,164,438,62.56
,文昌里,0130,62,216,99,377,4,381,0,381,191,572,66.61
,文昌里,0131,41,144,50,235,0,235,0,235,128,363,64.74
,歡雅里,0132,116,328,129,573,4,577,0,577,293,870,66.32
,歡雅里,0133,102,244,65,411,9,420,0,420,261,681,61.67
,三和里,0134,21,94,31,146,4,150,0,150,62,212,70.75
,三和里,0135,42,106,58,206,5,211,0,211,139,350,60.29
,三和里,0136,43,118,33,194,2,196,0,196,95,291,67.35
,竹林里,0137,73,315,93,481,7,488,0,488,196,684,71.35
,竹林里,0138,44,140,30,214,3,217,0,217,116,333,65.17
,坔頭港里,0139,102,235,96,433,6,439,0,439,202,641,68.49
,坔頭港里,0140,86,250,103,439,3,442,0,442,209,651,67.90
　新營區,,,"10,809","19,931","12,991","43,731",277,"44,008",1,"44,009","18,344","62,353",70.58
,忠政里,0141,176,330,304,810,4,814,0,814,446,"1,260",64.60
,忠政里,0142,158,284,298,740,7,747,0,747,304,"1,051",71.08
,忠政里,0143,146,311,261,718,8,726,0,726,246,972,74.69
,忠政里,0144,175,325,291,791,4,795,0,795,304,"1,099",72.34
,民權里,0145,146,373,251,770,6,776,0,776,331,"1,107",70.10
,民權里,0146,159,317,273,749,2,751,0,751,296,"1,047",71.73
,三仙里,0147,218,411,265,894,12,906,0,906,387,"1,293",70.07
,三仙里,0148,185,464,329,978,9,987,0,987,399,"1,386",71.21
,永平里,0149,109,291,186,586,2,588,0,588,232,820,71.71
,永平里,0150,131,318,187,636,3,639,0,639,288,927,68.93
,永平里,0151,95,232,144,471,1,472,0,472,199,671,70.34
,大宏里,0152,144,347,212,703,6,709,0,709,271,980,72.35
,大宏里,0153,158,252,193,603,1,604,0,604,277,881,68.56
,大宏里,0154,101,308,169,578,6,584,0,584,244,828,70.53
,王公里,0155,206,382,270,858,2,860,0,860,368,"1,228",70.03
,王公里,0156,202,392,282,876,9,885,0,885,368,"1,253",70.63
,王公里,0157,231,359,349,939,3,942,0,942,402,"1,344",70.09
,新東里,0158,219,387,271,877,4,881,0,881,321,"1,202",73.29
,新東里,0159,285,357,330,972,6,978,0,978,344,"1,322",73.98
,新東里,0160,267,336,275,878,3,881,0,881,338,"1,219",72.27
,新東里,0161,280,365,319,964,1,965,0,965,338,"1,303",74.06
,新東里,0162,305,385,295,985,2,987,0,987,346,"1,333",74.04
,中營里,0163,198,349,220,767,7,774,0,774,294,"1,068",72.47
,土庫里,0164,209,513,231,953,5,958,0,958,410,"1,368",70.03
,興業里,0165,145,201,208,554,4,558,0,558,253,811,68.80
,興業里,0166,141,301,191,633,10,643,0,643,250,893,72.00
,南興里,0167,152,341,236,729,5,734,0,734,371,"1,105",66.43
,南興里,0168,178,319,269,766,7,773,0,773,350,"1,123",68.83
,民生里,0169,139,295,195,629,3,632,0,632,314,946,66.81
,民生里,0170,175,311,178,664,3,667,0,667,298,965,69.12
,民生里,0171,178,359,255,792,6,798,0,798,331,"1,129",70.68
,新北里,0172,243,386,255,884,2,886,0,886,360,"1,246",71.11
,新北里,0173,251,336,265,852,3,855,1,856,337,"1,193",71.67
,新北里,0174,200,330,247,777,2,779,0,779,302,"1,081",72.06
,新北里,0175,308,391,294,993,3,996,0,996,385,"1,381",72.12
,新南里,0176,289,460,263,"1,012",3,"1,015",0,"1,015",347,"1,362",74.52
,新南里,0177,299,398,321,"1,018",3,"1,021",0,"1,021",344,"1,365",74.80
,新南里,0178,256,349,223,828,8,836,0,836,356,"1,192",70.13
,新南里,0179,236,447,272,955,5,960,0,960,364,"1,324",72.51
,民榮里,0180,233,370,231,834,4,838,0,838,390,"1,228",68.24
,民榮里,0181,132,299,165,596,3,599,0,599,289,888,67.45
,民榮里,0182,178,320,222,720,3,723,0,723,296,"1,019",70.95
,民榮里,0183,223,381,211,815,4,819,0,819,379,"1,198",68.36
,埤寮里,0184,139,306,160,605,1,606,0,606,283,889,68.17
,埤寮里,0185,107,239,117,463,6,469,0,469,200,669,70.10
,護鎮里,0186,229,474,224,927,7,934,0,934,376,"1,310",71.30
,太南里,0187,222,513,182,917,8,925,0,925,496,"1,421",65.10
,太南里,0188,32,110,31,173,3,176,0,176,73,249,70.68
,太北里,0189,159,376,159,694,5,699,0,699,249,948,73.73
,太北里,0190,123,290,99,512,6,518,0,518,213,731,70.86
,南紙里,0191,180,369,230,779,8,787,0,787,355,"1,142",68.91
,南紙里,0192,284,425,267,976,7,983,0,983,362,"1,345",73.09
,南紙里,0193,191,340,246,777,7,784,0,784,320,"1,104",71.01
,嘉芳里,0194,196,342,137,675,6,681,0,681,335,"1,016",67.03
,嘉芳里,0195,154,269,137,560,1,561,0,561,245,806,69.60
,姑爺里,0196,59,209,55,323,4,327,0,327,141,468,69.87
,姑爺里,0197,64,118,41,223,0,223,0,223,141,364,61.26
,五興里,0198,87,224,92,403,7,410,0,410,196,606,67.66
,五興里,0199,124,345,108,577,7,584,0,584,290,874,66.82
　柳營區,,,"2,878","6,654","2,883","12,415",125,"12,540",0,"12,540","5,502","18,042",69.50
,士林里,0200,191,408,195,794,4,798,0,798,355,"1,153",69.21
,士林里,0201,108,238,124,470,5,475,0,475,190,665,71.43
,光福里,0202,90,247,145,482,3,485,0,485,196,681,71.22
,光福里,0203,153,324,142,619,7,626,0,626,241,867,72.20
,中埕里,0204,220,406,175,801,12,813,0,813,345,"1,158",70.21
,東昇里,0205,149,355,154,658,8,666,0,666,270,936,71.15
,東昇里,0206,206,374,174,754,5,759,0,759,271,"1,030",73.69
,東昇里,0207,128,284,138,550,7,557,0,557,198,755,73.77
,八翁里,0208,234,473,224,931,9,940,0,940,401,"1,341",70.10
,人和里,0209,61,127,78,266,1,267,0,267,102,369,72.36
,人和里,0210,53,107,60,220,3,223,0,223,91,314,71.02
,太康里,0211,93,262,122,477,3,480,0,480,194,674,71.22
,太康里,0212,127,272,89,488,11,499,0,499,254,753,66.27
,重溪里,0213,99,254,85,438,6,444,0,444,211,655,67.79
,重溪里,0214,124,270,124,518,2,520,0,520,221,741,70.18
,重溪里,0215,48,100,27,175,3,178,0,178,90,268,66.42
,篤農里,0216,93,220,114,427,1,428,0,428,205,633,67.61
,篤農里,0217,83,234,87,404,5,409,0,409,178,587,69.68
,大農里,0218,87,275,84,446,4,450,0,450,179,629,71.54
,神農里,0219,146,421,138,705,7,712,0,712,366,"1,078",66.05
,神農里,0220,26,90,20,136,3,139,0,139,57,196,70.92
,果毅里,0221,138,398,126,662,8,670,0,670,310,980,68.37
,果毅里,0222,21,61,29,111,1,112,0,112,40,152,73.68
,旭山里,0223,103,228,149,480,3,483,0,483,323,806,59.93
,旭山里,0224,75,172,59,306,3,309,0,309,164,473,65.33
,旭山里,0225,22,54,21,97,1,98,0,98,50,148,66.22
　東山區,,,"1,959","5,772","2,859","10,590",103,"10,693",0,"10,693","6,503","17,196",62.18
,東山里,0226,191,420,251,862,4,866,0,866,513,"1,379",62.80
,東中里,0227,161,384,185,730,5,735,0,735,350,"1,085",67.74
,東中里,0228,172,419,221,812,8,820,0,820,436,"1,256",65.29
,東正里,0229,84,257,103,444,6,450,0,450,239,689,65.31
,東正里,0230,64,244,107,415,3,418,0,418,249,667,62.67
,大客里,0231,116,309,158,583,4,587,0,587,415,"1,002",58.58
,三榮里,0232,107,285,133,525,2,527,0,527,365,892,59.08
,科里里,0233,63,162,108,333,9,342,0,342,246,588,58.16
,科里里,0234,58,228,90,376,3,379,0,379,161,540,70.19
,東河里,0235,102,316,91,509,8,517,0,517,261,778,66.45
,聖賢里,0236,82,301,90,473,3,476,0,476,246,722,65.93
,聖賢里,0237,80,174,65,319,7,326,0,326,146,472,69.07
,聖賢里,0238,70,220,106,396,6,402,0,402,179,581,69.19
,南溪里,0239,38,125,59,222,3,225,0,225,177,402,55.97
,水雲里,0240,39,126,47,212,1,213,0,213,152,365,58.36
,林安里,0241,27,135,56,218,1,219,0,219,146,365,60.00
,東原里,0242,89,404,178,671,8,679,0,679,439,"1,118",60.73
,東原里,0243,103,224,160,487,4,491,0,491,329,820,59.88
,嶺南里,0244,42,218,90,350,2,352,0,352,256,608,57.89
,南勢里,0245,96,300,194,590,4,594,0,594,421,"1,015",58.52
,青山里,0246,96,295,180,571,5,576,0,576,426,"1,002",57.49
,高原里,0247,79,226,187,492,7,499,0,499,351,850,58.71
　將軍區,,,"1,805","6,699","2,227","10,731",76,"10,807",0,"10,807","5,784","16,591",65.14
,長榮里,0248,154,442,174,770,7,777,0,777,314,"1,091",71.22
,西甲里,0249,101,311,129,541,3,544,0,544,235,779,69.83
,西甲里,0250,87,255,110,452,0,452,0,452,194,646,69.97
,西甲里,0251,83,338,131,552,2,554,0,554,281,835,66.35
,忠嘉里,0252,94,251,103,448,5,453,0,453,205,658,68.84
,忠嘉里,0253,117,298,133,548,2,550,0,550,286,836,65.79
,忠嘉里,0254,45,209,58,312,4,316,0,316,177,493,64.10
,忠嘉里,0255,55,143,47,245,4,249,0,249,127,376,66.22
,苓仔寮里,0256,56,203,94,353,2,355,0,355,192,547,64.90
,苓仔寮里,0257,63,161,38,262,3,265,0,265,102,367,72.21
,苓仔寮里,0258,59,218,67,344,0,344,0,344,195,539,63.82
,苓仔寮里,0259,69,187,58,314,1,315,0,315,133,448,70.31
,巷埔里,0260,54,267,66,387,2,389,0,389,190,579,67.18
,巷埔里,0261,36,227,61,324,0,324,0,324,186,510,63.53
,將軍里,0262,60,220,77,357,1,358,0,358,182,540,66.30
,將軍里,0263,47,213,72,332,4,336,0,336,173,509,66.01
,將軍里,0264,36,150,76,262,0,262,0,262,118,380,68.95
,玉山里,0265,66,333,85,484,5,489,0,489,315,804,60.82
,廣山里,0266,49,186,81,316,4,320,0,320,267,587,54.51
,長沙里,0267,53,272,77,402,5,407,0,407,233,640,63.59
,長沙里,0268,58,234,59,351,1,352,0,352,270,622,56.59
,平沙里,0269,105,448,115,668,6,674,0,674,421,"1,095",61.55
,鯤鯓里,0270,72,310,90,472,5,477,0,477,282,759,62.85
,鯤鯓里,0271,106,452,127,685,3,688,0,688,309,997,69.01
,鯤溟里,0272,80,371,99,550,7,557,0,557,397,954,58.39
　下營區,,,"2,859","7,289","3,349","13,497",108,"13,605",0,"13,605","6,010","19,615",69.36
,下營里,0273,80,246,147,473,6,479,0,479,216,695,68.92
,下營里,0274,99,239,162,500,2,502,0,502,207,709,70.80
,仁里里,0275,166,325,174,665,4,669,0,669,275,944,70.87
,仁里里,0276,124,351,169,644,4,648,0,648,295,943,68.72
,宅內里,0277,105,223,163,491,4,495,0,495,207,702,70.51
,宅內里,0278,135,278,166,579,1,580,0,580,233,813,71.34
,後街里,0279,94,234,160,488,5,493,0,493,179,672,73.36
,後街里,0280,127,259,163,549,6,555,0,555,250,805,68.94
,新興里,0281,171,291,184,646,2,648,0,648,309,957,67.71
,新興里,0282,182,359,151,692,5,697,0,697,359,"1,056",66.00
,營前里,0283,152,365,155,672,7,679,0,679,317,996,68.17
,營前里,0284,129,355,217,701,8,709,0,709,306,"1,015",69.85
,大吉里,0285,77,239,107,423,4,427,0,427,244,671,63.64
,大吉里,0286,121,270,141,532,4,536,0,536,260,796,67.34
,茅營里,0287,142,433,165,740,5,745,0,745,296,"1,041",71.57
,茅營里,0288,132,430,148,710,5,715,0,715,296,"1,011",70.72
,開化里,0289,140,392,106,638,9,647,0,647,234,881,73.44
,開化里,0290,106,349,141,596,2,598,0,598,256,854,70.02
,西連里,0291,114,384,89,587,4,591,0,591,227,818,72.25
,賀建里,0292,83,234,97,414,4,418,0,418,199,617,67.75
,賀建里,0293,82,192,84,358,1,359,0,359,214,573,62.65
,紅甲里,0294,167,444,143,754,11,765,0,765,319,"1,084",70.57
,紅甲里,0295,131,397,117,645,5,650,0,650,312,962,67.57
　六甲區,,,"2,837","6,882","2,797","12,516",98,"12,614",1,"12,615","5,692","18,307",68.90
,六甲里,0296,114,283,134,531,1,532,0,532,231,763,69.72
,六甲里,0297,141,336,135,612,5,617,0,617,237,854,72.25
,六甲里,0298,205,415,171,791,9,800,0,800,329,"1,129",70.86
,甲東里,0299,144,369,156,669,3,672,0,672,266,938,71.64
,甲東里,0300,134,329,111,574,7,581,0,581,297,878,66.17
,甲東里,0301,124,283,74,481,2,483,1,484,229,713,67.74
,甲南里,0302,194,506,206,906,11,917,0,917,377,"1,294",70.87
,七甲里,0303,166,313,131,610,2,612,0,612,359,971,63.03
,七甲里,0304,145,377,110,632,8,640,0,640,249,889,71.99
,二甲里,0305,255,526,175,956,3,959,0,959,393,"1,352",70.93
,二甲里,0306,146,331,148,625,7,632,0,632,300,932,67.81
,二甲里,0307,146,340,174,660,7,667,0,667,281,948,70.36
,水林里,0308,186,413,166,765,5,770,0,770,355,"1,125",68.44
,水林里,0309,104,351,136,591,8,599,0,599,246,845,70.89
,中社里,0310,156,369,133,658,5,663,0,663,280,943,70.31
,中社里,0311,92,204,108,404,3,407,0,407,175,582,69.93
,龜港里,0312,209,485,226,920,3,923,0,923,442,"1,365",67.62
,菁埔里,0313,77,220,110,407,3,410,0,410,171,581,70.57
,王爺里,0314,52,245,96,393,4,397,0,397,266,663,59.88
,大丘里,0315,47,187,97,331,2,333,0,333,209,542,61.44
　七股區,,,"2,520","7,601","2,669","12,790",152,"12,942",0,"12,942","5,903","18,845",68.68
,後港里,0316,61,206,73,340,6,346,0,346,140,486,71.19
,後港里,0317,54,211,60,325,4,329,0,329,120,449,73.27
,大潭里,0318,66,248,86,400,7,407,0,407,247,654,62.23
,篤加里,0319,95,323,107,525,3,528,0,528,241,769,68.66
,頂山里,0320,77,323,108,508,6,514,0,514,255,769,66.84
,西寮里,0321,37,173,57,267,3,270,0,270,144,414,65.22
,塩埕里,0322,43,157,45,245,1,246,0,246,150,396,62.12
,中寮里,0323,50,221,88,359,4,363,0,363,282,645,56.28
,龍山里,0324,91,346,90,527,5,532,0,532,241,773,68.82
,龍山里,0325,65,338,85,488,8,496,0,496,255,751,66.05
,溪南里,0326,48,133,87,268,1,269,0,269,86,355,75.77
,七股里,0327,111,379,93,583,5,588,0,588,219,807,72.86
,玉成里,0328,110,280,127,517,4,521,0,521,211,732,71.17
,大埕里,0329,141,300,113,554,6,560,0,560,259,819,68.38
,大埕里,0330,140,296,106,542,5,547,0,547,242,789,69.33
,大埕里,0331,106,377,99,582,6,588,0,588,242,830,70.84
,樹林里,0332,166,488,144,798,15,813,0,813,363,"1,176",69.13
,樹林里,0333,97,259,97,453,6,459,0,459,231,690,66.52
,竹橋里,0334,66,245,77,388,5,393,0,393,171,564,69.68
,竹橋里,0335,80,264,90,434,6,440,0,440,133,573,76.79
,義合里,0336,176,454,178,808,11,819,0,819,296,"1,115",73.45
,義合里,0337,90,288,108,486,8,494,0,494,181,675,73.19
,永吉里,0338,144,358,164,666,5,671,0,671,331,"1,002",66.97
,三股里,0339,193,475,176,844,14,858,0,858,396,"1,254",68.42
,十份里,0340,213,459,211,883,8,891,0,891,467,"1,358",65.61
　佳里區,,,"8,033","19,014","8,179","35,226",251,"35,477",0,"35,477","13,648","49,125",72.22
,東寧里,0341,134,431,192,757,4,761,0,761,269,"1,030",73.88
,東寧里,0342,165,411,223,799,7,806,0,806,262,"1,068",75.47
,忠仁里,0343,198,552,242,992,8,"1,000",0,"1,000",406,"1,406",71.12
,忠仁里,0344,237,513,212,962,11,973,0,973,354,"1,327",73.32
,鎮山里,0345,151,398,176,725,3,728,0,728,327,"1,055",69.00
,鎮山里,0346,183,446,189,818,3,821,0,821,277,"1,098",74.77
,鎮山里,0347,154,368,170,692,7,699,0,699,311,"1,010",69.21
,鎮山里,0348,187,436,187,810,5,815,0,815,291,"1,106",73.69
,鎮山里,0349,201,484,162,847,6,853,0,853,299,"1,152",74.05
,安西里,0350,206,459,200,865,8,873,0,873,288,"1,161",75.19
,安西里,0351,155,373,224,752,4,756,0,756,247,"1,003",75.37
,安西里,0352,208,444,228,880,3,883,0,883,317,"1,200",73.58
,安西里,0353,215,407,209,831,4,835,0,835,284,"1,119",74.62
,安西里,0354,158,428,196,782,9,791,0,791,289,"1,080",73.24
,文新里,0355,198,397,211,806,2,808,0,808,308,"1,116",72.40
,文新里,0356,213,492,247,952,5,957,0,957,358,"1,315",72.78
,文新里,0357,232,468,203,903,1,904,0,904,355,"1,259",71.80
,文新里,0358,286,370,222,878,2,880,0,880,348,"1,228",71.66
,建南里,0359,162,392,165,719,2,721,0,721,268,989,72.90
,建南里,0360,194,386,210,790,4,794,0,794,306,"1,100",72.18
,建南里,0361,184,411,216,811,6,817,0,817,339,"1,156",70.67
,建南里,0362,189,326,142,657,4,661,0,661,243,904,73.12
,南勢里,0363,228,347,190,765,3,768,0,768,294,"1,062",72.32
,南勢里,0364,189,463,142,794,9,803,0,803,311,"1,114",72.08
,南勢里,0365,184,359,152,695,7,702,0,702,268,970,72.37
,南勢里,0366,298,532,222,"1,052",10,"1,062",0,"1,062",343,"1,405",75.59
,六安里,0367,197,514,264,975,7,982,0,982,364,"1,346",72.96
,六安里,0368,224,462,268,954,9,963,0,963,357,"1,320",72.95
,六安里,0369,206,421,269,896,5,901,0,901,371,"1,272",70.83
,佳化里,0370,198,402,179,779,5,784,0,784,328,"1,112",70.50
,佳化里,0371,139,390,135,664,7,671,0,671,253,924,72.62
,佳興里,0372,143,497,157,797,4,801,0,801,339,"1,140",70.26
,佳興里,0373,154,367,135,656,6,662,0,662,274,936,70.73
,營溪里,0374,95,272,87,454,1,455,0,455,202,657,69.25
,營溪里,0375,72,122,69,263,4,267,0,267,112,379,70.45
,海澄里,0376,156,456,193,805,3,808,0,808,349,"1,157",69.84
,海澄里,0377,140,361,150,651,3,654,0,654,313,967,67.63
,下營里,0378,94,379,111,584,3,587,0,587,237,824,71.24
,下營里,0379,119,367,151,637,4,641,0,641,243,884,72.51
,塭內里,0380,146,435,139,720,7,727,0,727,304,"1,031",70.51
,塭內里,0381,125,381,129,635,9,644,0,644,254,898,71.71
,塭內里,0382,95,344,83,522,8,530,0,530,229,759,69.83
,民安里,0383,236,555,186,977,7,984,0,984,368,"1,352",72.78
,民安里,0384,61,155,52,268,7,275,0,275,88,363,75.76
,子龍里,0385,100,322,82,504,4,508,0,508,240,748,67.91
,子龍里,0386,111,286,100,497,3,500,0,500,200,700,71.43
,子龍里,0387,113,433,108,654,8,662,0,662,261,923,71.72
　麻豆區,,,"5,854","16,080","5,048","26,982",200,"27,182",0,"27,182","9,542","36,724",74.02
,新興里,0388,230,498,172,900,3,903,0,903,304,"1,207",74.81
,新興里,0389,115,302,85,502,3,505,0,505,152,657,76.86
,巷口里,0390,128,374,114,616,2,618,0,618,240,858,72.03
,巷口里,0391,243,458,214,915,4,919,0,919,323,"1,242",73.99
,東角里,0392,141,355,161,657,2,659,0,659,248,907,72.66
,東角里,0393,147,312,133,592,2,594,0,594,207,801,74.16
,東角里,0394,138,322,147,607,5,612,0,612,195,807,75.84
,晋江里,0395,107,314,96,517,6,523,0,523,180,703,74.40
,晋江里,0396,133,336,105,574,6,580,0,580,209,789,73.51
,晋江里,0397,130,389,126,645,3,648,0,648,208,856,75.70
,中興里,0398,134,382,158,674,2,676,0,676,286,962,70.27
,中興里,0399,133,377,150,660,9,669,0,669,239,908,73.68
,興農里,0400,112,340,142,594,6,600,0,600,154,754,79.58
,興農里,0401,115,295,68,478,3,481,0,481,216,697,69.01
,油車里,0402,148,511,161,820,5,825,0,825,236,"1,061",77.76
,油車里,0403,190,573,157,920,5,925,0,925,311,"1,236",74.84
,油車里,0404,170,499,123,792,11,803,0,803,272,"1,075",74.70
,北勢里,0405,109,517,100,726,7,733,0,733,298,"1,031",71.10
,大埕里,0406,135,333,126,594,5,599,0,599,199,798,75.06
,大埕里,0407,136,379,118,633,4,637,0,637,230,867,73.47
,大埕里,0408,223,434,171,828,11,839,0,839,279,"1,118",75.04
,清水里,0409,120,261,103,484,3,487,0,487,169,656,74.24
,清水里,0410,129,336,86,551,5,556,0,556,185,741,75.03
,南勢里,0411,122,230,167,519,5,524,0,524,172,696,75.29
,南勢里,0412,117,277,139,533,4,537,0,537,193,730,73.56
,南勢里,0413,142,326,141,609,1,610,0,610,215,825,73.94
,寮廍里,0414,141,399,90,630,0,630,0,630,220,850,74.12
,寮廍里,0415,99,402,99,600,6,606,0,606,186,792,76.52
,埤頭里,0416,193,571,116,880,8,888,0,888,410,"1,298",68.41
,埤頭里,0417,145,458,85,688,3,691,0,691,240,931,74.22
,海埔里,0418,129,399,136,664,5,669,0,669,266,935,71.55
,海埔里,0419,120,267,76,463,5,468,0,468,167,635,73.70
,海埔里,0420,49,206,45,300,3,303,0,303,128,431,70.30
,港尾里,0421,222,511,193,926,8,934,0,934,394,"1,328",70.33
,麻口里,0422,200,499,131,830,9,839,0,839,284,"1,123",74.71
,安業里,0423,69,259,75,403,2,405,0,405,120,525,77.14
,安業里,0424,112,377,67,556,7,563,0,563,162,725,77.66
,謝厝寮里,0425,131,428,86,645,4,649,0,649,176,825,78.67
,謝厝寮里,0426,113,384,83,580,6,586,0,586,181,767,76.40
,安正里,0427,126,412,101,639,5,644,0,644,279,923,69.77
,井東里,0428,166,535,118,819,4,823,0,823,257,"1,080",76.20
,井東里,0429,92,243,84,419,3,422,0,422,152,574,73.52
　官田區,,,"2,780","7,561","2,654","12,995",107,"13,102",0,"13,102","5,084","18,186",72.04
,官田里,0430,202,375,190,767,6,773,0,773,296,"1,069",72.31
,官田里,0431,157,359,112,628,5,633,0,633,302,935,67.70
,二鎮里,0432,169,451,117,737,7,744,0,744,259,"1,003",74.18
,二鎮里,0433,175,439,102,716,8,724,0,724,299,"1,023",70.77
,二鎮里,0434,198,515,121,834,6,840,0,840,329,"1,169",71.86
,烏山頭里,0435,119,444,97,660,7,667,0,667,220,887,75.20
,烏山頭里,0436,40,82,56,178,0,178,0,178,84,262,67.94
,大崎里,0437,30,174,53,257,2,259,0,259,129,388,66.75
,隆田里,0438,127,354,172,653,2,655,0,655,263,918,71.35
,隆田里,0439,126,330,208,664,6,670,0,670,302,972,68.93
,隆本里,0440,143,330,133,606,5,611,0,611,257,868,70.39
,隆本里,0441,174,295,203,672,5,677,0,677,213,890,76.07
,隆本里,0442,157,289,179,625,8,633,0,633,253,886,71.44
,隆本里,0443,142,301,165,608,6,614,0,614,217,831,73.89
,南廍里,0444,184,483,144,811,8,819,0,819,387,"1,206",67.91
,東西庄里,0445,140,663,63,866,7,873,0,873,295,"1,168",74.74
,東西庄里,0446,53,292,27,372,2,374,0,374,160,534,70.04
,渡拔里,0447,66,202,81,349,1,350,0,350,109,459,76.25
,渡拔里,0448,91,304,125,520,4,524,0,524,164,688,76.16
,渡拔里,0449,99,334,120,553,3,556,0,556,185,741,75.03
,渡拔里,0450,83,192,89,364,5,369,0,369,128,497,74.25
,社子里,0451,105,353,97,555,4,559,0,559,233,792,70.58
　善化區,,,"8,346","15,541","6,363","30,250",211,"30,461",0,"30,461","11,313","41,774",72.92
,東關里,0452,196,378,193,767,6,773,0,773,321,"1,094",70.66
,坐駕里,0453,230,449,311,990,5,995,0,995,341,"1,336",74.48
,坐駕里,0454,226,404,201,831,6,837,0,837,288,"1,125",74.40
,坐駕里,0455,275,463,208,946,3,949,0,949,363,"1,312",72.33
,光文里,0456,307,473,232,"1,012",6,"1,018",0,"1,018",344,"1,362",74.74
,光文里,0457,246,500,250,996,1,997,0,997,361,"1,358",73.42
,光文里,0458,224,508,272,"1,004",4,"1,008",0,"1,008",440,"1,448",69.61
,光文里,0459,245,392,200,837,3,840,0,840,366,"1,206",69.65
,文昌里,0460,290,523,252,"1,065",7,"1,072",0,"1,072",480,"1,552",69.07
,文昌里,0461,206,397,176,779,7,786,0,786,314,"1,100",71.45
,南關里,0462,187,371,111,669,6,675,0,675,243,918,73.53
,南關里,0463,127,340,134,601,7,608,0,608,196,804,75.62
,頂街里,0464,225,449,217,891,5,896,0,896,338,"1,234",72.61
,文正里,0465,277,593,245,"1,115",8,"1,123",0,"1,123",413,"1,536",73.11
,胡家里,0466,179,553,132,864,8,872,0,872,327,"1,199",72.73
,胡厝里,0467,196,456,130,782,7,789,0,789,284,"1,073",73.53
,胡厝里,0468,222,352,131,705,10,715,0,715,245,960,74.48
,什乃里,0469,234,479,150,863,2,865,0,865,317,"1,182",73.18
,溪美里,0470,186,366,179,731,5,736,0,736,286,"1,022",72.02
,溪美里,0471,126,329,172,627,2,629,0,629,252,881,71.40
,六分里,0472,103,287,85,475,5,480,0,480,170,650,73.85
,六德里,0473,179,392,112,683,7,690,0,690,305,995,69.35
,田寮里,0474,273,696,234,"1,203",11,"1,214",0,"1,214",406,"1,620",74.94
,昌隆里,0475,176,454,136,766,7,773,0,773,351,"1,124",68.77
,昌隆里,0476,145,296,118,559,1,560,0,560,267,827,67.71
,牛庄里,0477,316,628,247,"1,191",10,"1,201",0,"1,201",410,"1,611",74.55
,嘉北里,0478,298,644,214,"1,156",11,"1,167",0,"1,167",410,"1,577",74.00
,嘉南里,0479,179,448,116,743,5,748,0,748,295,"1,043",71.72
,小新里,0480,283,552,210,"1,045",7,"1,052",0,"1,052",365,"1,417",74.24
,小新里,0481,326,541,254,"1,121",8,"1,129",0,"1,129",350,"1,479",76.34
,小新里,0482,358,478,251,"1,087",13,"1,100",0,"1,100",508,"1,608",68.41
,蓮潭里,0483,477,426,138,"1,041",7,"1,048",0,"1,048",332,"1,380",75.94
,蓮潭里,0484,392,412,159,963,6,969,0,969,290,"1,259",76.97
,蓮潭里,0485,437,512,193,"1,142",5,"1,147",0,"1,147",335,"1,482",77.40
　大內區,,,"1,014","3,191","1,336","5,541",44,"5,585",0,"5,585","2,333","7,918",70.54
,石湖里,0486,84,293,81,458,3,461,0,461,237,698,66.05
,石湖里,0487,24,62,72,158,2,160,0,160,62,222,72.07
,石林里,0488,75,262,58,395,7,402,0,402,185,587,68.48
,石城里,0489,202,567,192,961,9,970,0,970,406,"1,376",70.49
,內江里,0490,115,314,171,600,3,603,0,603,212,815,73.99
,大內里,0491,93,272,151,516,6,522,0,522,197,719,72.60
,內郭里,0492,70,251,92,413,4,417,0,417,152,569,73.29
,頭社里,0493,90,390,147,627,4,631,0,631,311,942,66.99
,環湖里,0494,104,226,138,468,2,470,0,470,225,695,67.63
,二溪里,0495,94,307,151,552,2,554,0,554,221,775,71.48
,曲溪里,0496,63,247,83,393,2,395,0,395,125,520,75.96
　玉井區,,,"1,612","3,349","2,725","7,686",61,"7,747",0,"7,747","3,809","11,556",67.04
,玉井里,0497,159,301,296,756,4,760,0,760,376,"1,136",66.90
,玉田里,0498,168,216,247,631,4,635,0,635,292,927,68.50
,玉田里,0499,108,231,187,526,7,533,0,533,250,783,68.07
,玉田里,0500,136,210,170,516,5,521,0,521,263,784,66.45
,玉田里,0501,170,263,244,677,6,683,0,683,297,980,69.69
,中正里,0502,69,178,135,382,5,387,0,387,170,557,69.48
,中正里,0503,73,178,114,365,2,367,0,367,199,566,64.84
,竹圍里,0504,142,262,192,596,2,598,0,598,279,877,68.19
,竹圍里,0505,58,130,82,270,3,273,0,273,200,473,57.72
,沙田里,0506,64,136,131,331,2,333,0,333,144,477,69.81
,三埔里,0507,71,130,93,294,1,295,0,295,174,469,62.90
,三和里,0508,73,230,168,471,3,474,0,474,196,670,70.75
,望明里,0509,93,182,183,458,2,460,0,460,206,666,69.07
,望明里,0510,86,241,139,466,5,471,0,471,271,742,63.48
,層林里,0511,54,183,130,367,2,369,0,369,181,550,67.09
,豐里里,0512,88,278,214,580,8,588,0,588,311,899,65.41
　楠西區,,,"1,003","2,086","2,105","5,194",47,"5,241",0,"5,241","2,627","7,868",66.61
,楠西里,0513,122,211,244,577,5,582,0,582,324,906,64.24
,楠西里,0514,107,195,218,520,4,524,0,524,264,788,66.50
,灣丘里,0515,102,295,266,663,5,668,0,668,387,"1,055",63.32
,密枝里,0516,74,158,166,398,3,401,0,401,239,640,62.66
,照興里,0517,131,240,240,611,4,615,0,615,300,915,67.21
,鹿田里,0518,99,251,261,611,9,620,0,620,232,852,72.77
,龜丹里,0519,66,194,154,414,5,419,0,419,180,599,69.95
,東勢里,0520,173,290,279,742,7,749,0,749,382,"1,131",66.22
,東勢里,0521,129,252,277,658,5,663,0,663,319,982,67.52
　西港區,,,"3,345","8,928","3,036","15,309",149,"15,458",0,"15,458","6,058","21,516",71.84
,西港里,0522,161,381,152,694,8,702,0,702,202,904,77.65
,西港里,0523,116,384,129,629,9,638,0,638,224,862,74.01
,西港里,0524,207,546,151,904,6,910,0,910,409,"1,319",68.99
,慶安里,0525,232,501,202,935,10,945,0,945,405,"1,350",70.00
,慶安里,0526,173,520,244,937,3,940,0,940,319,"1,259",74.66
,慶安里,0527,248,559,218,"1,025",11,"1,036",0,"1,036",465,"1,501",69.02
,南海里,0528,178,367,119,664,6,670,0,670,258,928,72.20
,南海里,0529,160,370,136,666,9,675,0,675,234,909,74.26
,南海里,0530,127,340,62,529,5,534,0,534,215,749,71.30
,港東里,0531,206,448,215,869,8,877,0,877,340,"1,217",72.06
,港東里,0532,63,188,46,297,3,300,0,300,102,402,74.63
,檨林里,0533,92,343,94,529,6,535,0,535,198,733,72.99
,檨林里,0534,137,334,88,559,7,566,0,566,246,812,69.70
,後營里,0535,197,610,177,984,6,990,0,990,471,"1,461",67.76
,營西里,0536,231,560,203,994,9,"1,003",0,"1,003",434,"1,437",69.80
,金砂里,0537,90,349,108,547,3,550,0,550,192,742,74.12
,劉厝里,0538,230,633,195,"1,058",14,"1,072",0,"1,072",389,"1,461",73.37
,竹林里,0539,156,609,183,948,10,958,0,958,375,"1,333",71.87
,永樂里,0540,132,390,115,637,11,648,0,648,287,935,69.30
,永樂里,0541,70,201,50,321,0,321,0,321,80,401,80.05
,新復里,0542,139,295,149,583,5,588,0,588,213,801,73.41
　安定區,,,"4,525","10,158","3,925","18,608",178,"18,786",0,"18,786","6,764","25,550",73.53
,蘇林里,0543,215,509,192,916,12,928,0,928,258,"1,186",78.25
,蘇林里,0544,133,384,135,652,8,660,0,660,191,851,77.56
,蘇厝里,0545,217,397,168,782,7,789,0,789,308,"1,097",71.92
,蘇厝里,0546,149,364,119,632,4,636,0,636,240,876,72.60
,安定里,0547,127,226,87,440,3,443,0,443,171,614,72.15
,安定里,0548,111,303,120,534,5,539,0,539,158,697,77.33
,安加里,0549,164,455,160,779,9,788,0,788,267,"1,055",74.69
,安加里,0550,149,392,184,725,7,732,0,732,335,"1,067",68.60
,港尾里,0551,123,289,111,523,4,527,0,527,179,706,74.65
,港尾里,0552,121,284,126,531,9,540,0,540,193,733,73.67
,中榮里,0553,160,332,112,604,7,611,0,611,216,827,73.88
,中榮里,0554,163,359,120,642,8,650,0,650,231,881,73.78
,港口里,0555,218,392,177,787,7,794,0,794,314,"1,108",71.66
,港口里,0556,191,381,160,732,5,737,0,737,226,963,76.53
,港口里,0557,174,280,106,560,5,565,0,565,229,794,71.16
,港南里,0558,160,257,98,515,4,519,0,519,201,720,72.08
,港南里,0559,169,334,123,626,12,638,0,638,245,883,72.25
,港南里,0560,204,405,184,793,4,797,0,797,230,"1,027",77.60
,嘉同里,0561,169,488,149,806,5,811,0,811,296,"1,107",73.26
,嘉同里,0562,195,414,207,816,7,823,0,823,334,"1,157",71.13
,中沙里,0563,117,287,131,535,4,539,0,539,151,690,78.12
,新吉里,0564,278,485,171,934,4,938,0,938,342,"1,280",73.28
,新吉里,0565,193,478,159,830,12,842,0,842,322,"1,164",72.34
,海寮里,0566,184,459,190,833,5,838,0,838,291,"1,129",74.22
,海寮里,0567,206,496,239,941,13,954,0,954,392,"1,346",70.88
,文科里,0568,141,459,109,709,4,713,0,713,290,"1,003",71.09
,文科里,0569,94,249,88,431,4,435,0,435,154,589,73.85
　山上區,,,972,"2,289","1,079","4,340",29,"4,369",0,"4,369","1,883","6,252",69.88
,明和里,0570,140,268,132,540,4,544,0,544,273,817,66.59
,明和里,0571,111,307,138,556,3,559,0,559,215,774,72.22
,南洲里,0572,103,255,144,502,4,506,0,506,215,721,70.18
,南洲里,0573,115,273,107,495,1,496,0,496,226,722,68.70
,山上里,0574,180,364,188,732,7,739,0,739,317,"1,056",69.98
,新莊里,0575,151,358,124,633,5,638,0,638,266,904,70.58
,玉峯里,0576,44,222,97,363,1,364,0,364,172,536,67.91
,平陽里,0577,66,105,94,265,2,267,0,267,83,350,76.29
,豐德里,0578,62,137,55,254,2,256,0,256,116,372,68.82
　左鎮區,,,383,"1,482",727,"2,592",28,"2,620",0,"2,620","1,319","3,939",66.51
,光和里,0579,29,115,84,228,1,229,0,229,113,342,66.96
,榮和里,0580,62,247,98,407,4,411,0,411,183,594,69.19
,左鎮里,0581,60,165,63,288,5,293,0,293,135,428,68.46
,中正里,0582,63,211,145,419,3,422,0,422,245,667,63.27
,睦光里,0583,39,110,72,221,1,222,0,222,98,320,69.38
,內庄里,0584,27,108,82,217,4,221,0,221,111,332,66.57
,岡林里,0585,31,151,61,243,1,244,0,244,133,377,64.72
,草山里,0586,18,87,49,154,5,159,0,159,105,264,60.23
,二寮里,0587,14,90,23,127,1,128,0,128,41,169,75.74
,澄山里,0588,40,198,50,288,3,291,0,291,155,446,65.25
　南化區,,,872,"2,137","1,653","4,662",32,"4,694",0,"4,694","2,490","7,184",65.34
,南化里,0589,82,227,148,457,2,459,0,459,183,642,71.50
,南化里,0590,69,238,155,462,4,466,0,466,189,655,71.15
,小崙里,0591,84,225,173,482,5,487,0,487,255,742,65.63
,東和里,0592,60,169,119,348,3,351,0,351,234,585,60.00
,西埔里,0593,73,209,144,426,3,429,0,429,256,685,62.63
,中坑里,0594,45,113,105,263,1,264,0,264,129,393,67.18
,北平里,0595,70,207,120,397,3,400,0,400,123,523,76.48
,北寮里,0596,141,265,264,670,4,674,0,674,394,"1,068",63.11
,玉山里,0597,124,300,232,656,3,659,0,659,311,970,67.94
,關山里,0598,124,184,193,501,4,505,0,505,416,921,54.83
　安南區,,,"30,381","61,863","25,908","118,152",867,"119,019",1,"119,020","46,234","165,254",72.02
,東和里,0599,320,579,243,"1,142",6,"1,148",0,"1,148",419,"1,567",73.26
,東和里,0600,330,504,227,"1,061",3,"1,064",0,"1,064",321,"1,385",76.82
,南里,0601,172,374,160,706,11,717,0,717,293,"1,010",70.99
,南里,0602,239,517,174,930,6,936,0,936,289,"1,225",76.41
,南里,0603,216,450,165,831,6,837,0,837,318,"1,155",72.47
,南里,0604,239,377,192,808,6,814,0,814,323,"1,137",71.59
,州南里,0605,278,489,185,952,16,968,0,968,314,"1,282",75.51
,州南里,0606,265,624,228,"1,117",7,"1,124",0,"1,124",365,"1,489",75.49
,州南里,0607,190,455,242,887,5,892,0,892,350,"1,242",71.82
,州南里,0608,183,379,167,729,2,731,0,731,362,"1,093",66.88
,州北里,0609,229,416,191,836,7,843,0,843,343,"1,186",71.08
,州北里,0610,190,436,170,796,5,801,0,801,257,"1,058",75.71
,州北里,0611,221,445,163,829,10,839,0,839,315,"1,154",72.70
,州北里,0612,197,351,189,737,5,742,0,742,215,957,77.53
,安順里,0613,254,427,177,858,10,868,0,868,356,"1,224",70.92
,安順里,0614,287,415,220,922,7,929,0,929,318,"1,247",74.50
,安順里,0615,229,469,199,897,1,898,0,898,279,"1,177",76.30
,安順里,0616,218,423,210,851,6,857,0,857,295,"1,152",74.39
,新順里,0617,297,546,270,"1,113",2,"1,115",0,"1,115",404,"1,519",73.40
,新順里,0618,345,527,214,"1,086",9,"1,095",0,"1,095",361,"1,456",75.21
,新順里,0619,244,482,252,978,3,981,0,981,305,"1,286",76.28
,新順里,0620,184,402,165,751,3,754,0,754,304,"1,058",71.27
,新順里,0621,206,406,202,814,4,818,0,818,265,"1,083",75.53
,頂安里,0622,253,411,204,868,3,871,0,871,298,"1,169",74.51
,頂安里,0623,210,424,179,813,8,821,0,821,248,"1,069",76.80
,頂安里,0624,191,506,101,798,8,806,0,806,295,"1,101",73.21
,頂安里,0625,218,462,194,874,8,882,0,882,318,"1,200",73.50
,安慶里,0626,234,497,174,905,4,909,0,909,292,"1,201",75.69
,安慶里,0627,297,466,184,947,1,948,0,948,323,"1,271",74.59
,安慶里,0628,225,477,175,877,3,880,0,880,316,"1,196",73.58
,安慶里,0629,224,528,229,981,1,982,0,982,365,"1,347",72.90
,安慶里,0630,223,472,189,884,3,887,0,887,309,"1,196",74.16
,溪北里,0631,187,562,205,954,9,963,0,963,357,"1,320",72.95
,溪北里,0632,250,479,245,974,9,983,0,983,315,"1,298",75.73
,安和里,0633,208,427,185,820,3,823,0,823,294,"1,117",73.68
,安和里,0634,160,393,144,697,6,703,0,703,239,942,74.63
,安西里,0635,195,466,163,824,5,829,0,829,280,"1,109",74.75
,安西里,0636,206,495,198,899,7,906,0,906,260,"1,166",77.70
,安西里,0637,309,505,214,"1,028",1,"1,029",0,"1,029",318,"1,347",76.39
,溪頂里,0638,174,379,167,720,7,727,0,727,304,"1,031",70.51
,溪頂里,0639,204,444,195,843,7,850,0,850,273,"1,123",75.69
,溪頂里,0640,176,458,150,784,6,790,0,790,276,"1,066",74.11
,溪頂里,0641,195,346,198,739,1,740,0,740,272,"1,012",73.12
,安東里,0642,245,575,232,"1,052",5,"1,057",0,"1,057",391,"1,448",73.00
,安東里,0643,245,559,181,985,5,990,0,990,338,"1,328",74.55
,鳳凰里,0644,247,543,286,"1,076",11,"1,087",0,"1,087",450,"1,537",70.72
,鳳凰里,0645,228,490,242,960,7,967,0,967,480,"1,447",66.83
,鳳凰里,0646,240,430,222,892,8,900,0,900,382,"1,282",70.20
,梅花里,0647,175,367,172,714,8,722,0,722,300,"1,022",70.65
,梅花里,0648,202,445,168,815,4,819,0,819,226,"1,045",78.37
,梅花里,0649,145,309,145,599,2,601,0,601,313,914,65.75
,梅花里,0650,192,348,156,696,8,704,0,704,236,940,74.89
,理想里,0651,165,458,146,769,6,775,0,775,319,"1,094",70.84
,理想里,0652,182,464,175,821,2,823,0,823,256,"1,079",76.27
,理想里,0653,186,488,195,869,8,877,0,877,313,"1,190",73.70
,理想里,0654,151,404,180,735,2,737,0,737,201,938,78.57
,海東里,0655,201,443,210,854,9,863,0,863,402,"1,265",68.22
,海東里,0656,236,525,217,978,5,983,0,983,435,"1,418",69.32
,海東里,0657,285,543,197,"1,025",5,"1,030",0,"1,030",413,"1,443",71.38
,海東里,0658,267,538,185,990,1,991,0,991,424,"1,415",70.04
,大安里,0659,162,365,199,726,5,731,0,731,303,"1,034",70.70
,大安里,0660,199,476,206,881,4,885,0,885,316,"1,201",73.69
,大安里,0661,263,572,193,"1,028",9,"1,037",0,"1,037",398,"1,435",72.26
,原佃里,0662,202,415,195,812,3,815,0,815,320,"1,135",71.81
,原佃里,0663,203,361,165,729,6,735,0,735,289,"1,024",71.78
,長安里,0664,263,532,208,"1,003",8,"1,011",0,"1,011",387,"1,398",72.32
,長安里,0665,173,443,154,770,6,776,0,776,266,"1,042",74.47
,長安里,0666,182,423,148,753,9,762,0,762,327,"1,089",69.97
,長安里,0667,227,412,165,804,4,808,0,808,336,"1,144",70.63
,公親里,0668,186,422,166,774,29,803,0,803,309,"1,112",72.21
,布袋里,0669,318,606,256,"1,180",10,"1,190",0,"1,190",466,"1,656",71.86
,總頭里,0670,147,359,137,643,10,653,0,653,250,903,72.31
,總頭里,0671,147,334,147,628,3,631,0,631,228,859,73.46
,南興里,0672,150,359,146,655,3,658,0,658,269,927,70.98
,南興里,0673,157,343,110,610,8,618,0,618,311,929,66.52
,學東里,0674,232,384,208,824,6,830,0,830,451,"1,281",64.79
,學東里,0675,318,557,182,"1,057",4,"1,061",0,"1,061",483,"1,544",68.72
,公里,0676,167,404,150,721,6,727,0,727,296,"1,023",71.07
,佃東里,0677,172,347,144,663,6,669,0,669,328,997,67.10
,佃東里,0678,190,362,159,711,4,715,0,715,316,"1,031",69.35
,佃東里,0679,246,454,190,890,7,897,0,897,391,"1,288",69.64
,佃西里,0680,157,341,136,634,6,640,0,640,320,960,66.67
,佃西里,0681,219,412,157,788,7,795,0,795,338,"1,133",70.17
,淵西里,0682,213,506,203,922,9,931,0,931,447,"1,378",67.56
,淵西里,0683,302,465,167,934,3,937,0,937,394,"1,331",70.40
,淵西里,0684,255,386,159,800,8,808,0,808,298,"1,106",73.06
,海西里,0685,244,574,244,"1,062",4,"1,066",0,"1,066",375,"1,441",73.98
,海西里,0686,210,439,228,877,7,884,0,884,387,"1,271",69.55
,溪心里,0687,254,469,208,931,10,941,0,941,473,"1,414",66.55
,溪心里,0688,231,458,215,904,7,911,0,911,362,"1,273",71.56
,溪心里,0689,249,446,176,871,9,880,0,880,380,"1,260",69.84
,溪心里,0690,310,508,174,992,6,998,0,998,400,"1,398",71.39
,溪心里,0691,286,443,225,954,5,959,0,959,337,"1,296",74.00
,溪心里,0692,135,264,113,512,0,512,0,512,797,"1,309",39.11
,淵東里,0693,242,453,168,863,7,870,0,870,374,"1,244",69.94
,淵東里,0694,198,425,150,773,11,784,0,784,327,"1,111",70.57
,淵東里,0695,225,414,180,819,8,827,0,827,341,"1,168",70.80
,淵東里,0696,248,394,193,835,4,839,0,839,310,"1,149",73.02
,淵中里,0697,165,299,161,625,5,630,0,630,277,907,69.46
,淵中里,0698,188,439,180,807,6,813,0,813,370,"1,183",68.72
,淵中里,0699,173,413,156,742,4,746,0,746,332,"1,078",69.20
,溪墘里,0700,162,374,187,723,7,730,0,730,262,992,73.59
,溪墘里,0701,141,447,152,740,6,746,0,746,273,"1,019",73.21
,溪墘里,0702,165,387,145,697,1,698,0,698,231,929,75.13
,海佃里,0703,201,574,184,959,11,970,0,970,351,"1,321",73.43
,海佃里,0704,199,572,225,996,3,999,0,999,382,"1,381",72.34
,海佃里,0705,243,569,236,"1,048",11,"1,059",0,"1,059",381,"1,440",73.54
,國安里,0706,238,479,200,917,3,920,1,921,334,"1,255",73.31
,國安里,0707,456,599,224,"1,279",4,"1,283",0,"1,283",423,"1,706",75.21
,國安里,0708,430,563,178,"1,171",3,"1,174",0,"1,174",353,"1,527",76.88
,溪東里,0709,249,477,186,912,6,918,0,918,273,"1,191",77.08
,溪東里,0710,203,358,163,724,3,727,0,727,270,997,72.92
,溪東里,0711,165,364,191,720,4,724,0,724,227,951,76.13
,溪東里,0712,255,370,226,851,2,853,0,853,292,"1,145",74.50
,安富里,0713,158,400,109,667,6,673,0,673,305,978,68.81
,安富里,0714,145,377,165,687,1,688,0,688,216,904,76.11
,安富里,0715,235,456,163,854,2,856,0,856,353,"1,209",70.80
,安富里,0716,203,381,167,751,5,756,0,756,327,"1,083",69.81
,安富里,0717,207,432,147,786,8,794,0,794,289,"1,083",73.31
,幸福里,0718,174,450,190,814,3,817,0,817,282,"1,099",74.34
,幸福里,0719,208,503,187,898,10,908,0,908,291,"1,199",75.73
,幸福里,0720,215,492,165,872,8,880,0,880,301,"1,181",74.51
,海南里,0721,309,521,186,"1,016",9,"1,025",0,"1,025",336,"1,361",75.31
,海南里,0722,295,532,221,"1,048",10,"1,058",0,"1,058",373,"1,431",73.93
,城東里,0723,140,264,119,523,4,527,0,527,284,811,64.98
,城東里,0724,132,243,140,515,6,521,0,521,238,759,68.64
,城南里,0725,119,337,94,550,9,559,0,559,248,807,69.27
,城南里,0726,138,366,151,655,8,663,0,663,332,995,66.63
,城南里,0727,304,526,223,"1,053",10,"1,063",0,"1,063",416,"1,479",71.87
,青草里,0728,214,499,227,940,8,948,0,948,515,"1,463",64.80
,城西里,0729,211,568,196,975,9,984,0,984,413,"1,397",70.44
,城北里,0730,130,320,136,586,9,595,0,595,249,844,70.50
,城北里,0731,146,238,103,487,1,488,0,488,194,682,71.55
,城中里,0732,174,347,219,740,11,751,0,751,270,"1,021",73.56
,砂崙里,0733,103,217,87,407,6,413,0,413,161,574,71.95
,砂崙里,0734,116,252,121,489,3,492,0,492,212,704,69.89
,媽祖宮里,0735,224,460,261,945,9,954,0,954,451,"1,405",67.90
,鹿耳里,0736,146,273,164,583,4,587,0,587,258,845,69.47
,四草里,0737,162,365,200,727,10,737,0,737,255,992,74.29
,四草里,0738,105,335,113,553,12,565,0,565,281,846,66.78
,塩田里,0739,146,238,153,537,6,543,0,543,255,798,68.05
,塩田里,0740,143,241,176,560,4,564,0,564,196,760,74.21
　北區,,,"18,165","36,838","22,626","77,629",558,"78,187",2,"78,189","28,753","106,942",73.11
,開元里,0741,189,289,286,764,5,769,0,769,330,"1,099",69.97
,開元里,0742,157,374,238,769,4,773,0,773,312,"1,085",71.24
,開元里,0743,153,395,258,806,8,814,0,814,244,"1,058",76.94
,元寶里,0744,332,451,322,"1,105",10,"1,115",0,"1,115",531,"1,646",67.74
,元寶里,0745,290,299,159,748,10,758,0,758,337,"1,095",69.22
,元寶里,0746,288,448,265,"1,001",9,"1,010",0,"1,010",360,"1,370",73.72
,合興里,0747,208,436,298,942,12,954,0,954,295,"1,249",76.38
,合興里,0748,143,357,245,745,4,749,0,749,261,"1,010",74.16
,合興里,0749,163,366,230,759,7,766,0,766,256,"1,022",74.95
,力行里,0750,191,364,251,806,7,813,0,813,299,"1,112",73.11
,力行里,0751,185,399,294,878,4,882,0,882,289,"1,171",75.32
,重興里,0752,165,312,294,771,6,777,0,777,257,"1,034",75.15
,重興里,0753,145,258,184,587,6,593,0,593,219,812,73.03
,東興里,0754,189,247,299,735,5,740,0,740,223,963,76.84
,東興里,0755,137,294,221,652,7,659,0,659,193,852,77.35
,長勝里,0756,170,336,277,783,9,792,0,792,346,"1,138",69.60
,長勝里,0757,207,195,527,929,10,939,0,939,366,"1,305",71.95
,長勝里,0758,171,302,356,829,9,838,0,838,344,"1,182",70.90
,振興里,0759,105,314,199,618,6,624,0,624,274,898,69.49
,振興里,0760,143,326,208,677,6,683,0,683,287,970,70.41
,仁愛里,0761,191,413,269,873,7,880,0,880,239,"1,119",78.64
,仁愛里,0762,131,338,244,713,10,723,0,723,276,999,72.37
,中樓里,0763,182,459,291,932,3,935,0,935,372,"1,307",71.54
,永祥里,0764,200,481,371,"1,052",7,"1,059",0,"1,059",385,"1,444",73.34
,永祥里,0765,230,528,306,"1,064",8,"1,072",0,"1,072",362,"1,434",74.76
,北門里,0766,168,222,261,651,4,655,0,655,282,937,69.90
,北門里,0767,173,277,281,731,7,738,0,738,284,"1,022",72.21
,北門里,0768,117,346,148,611,5,616,0,616,285,901,68.37
,北門里,0769,167,338,192,697,8,705,0,705,291,996,70.78
,北門里,0770,218,396,179,793,9,802,0,802,299,"1,101",72.84
,大光里,0771,199,229,460,888,3,891,0,891,361,"1,252",71.17
,大光里,0772,167,160,370,697,3,700,0,700,291,991,70.64
,大光里,0773,226,286,402,914,5,919,0,919,373,"1,292",71.13
,大光里,0774,151,425,198,774,3,777,1,778,275,"1,053",73.79
,大興里,0775,134,265,196,595,7,602,0,602,287,889,67.72
,大興里,0776,138,395,196,729,4,733,0,733,277,"1,010",72.57
,大興里,0777,148,308,187,643,5,648,0,648,277,925,70.05
,公園里,0778,119,221,217,557,2,559,0,559,263,822,68.00
,公園里,0779,125,289,218,632,0,632,0,632,312,944,66.95
,北華里,0780,158,472,213,843,2,845,0,845,337,"1,182",71.49
,北華里,0781,163,462,237,862,7,869,0,869,333,"1,202",72.30
,北華里,0782,146,334,186,666,11,677,0,677,808,"1,485",45.59
,長興里,0783,132,499,206,837,7,844,0,844,358,"1,202",70.22
,長興里,0784,214,416,276,906,5,911,0,911,404,"1,315",69.28
,小北里,0785,123,342,176,641,4,645,0,645,239,884,72.96
,小北里,0786,106,325,138,569,2,571,0,571,216,787,72.55
,小北里,0787,164,306,188,658,5,663,0,663,233,896,74.00
,小北里,0788,186,385,204,775,10,785,0,785,327,"1,112",70.59
,正覺里,0789,199,361,183,743,7,750,0,750,270,"1,020",73.53
,正覺里,0790,136,346,175,657,8,665,0,665,230,895,74.30
,正覺里,0791,157,416,163,736,7,743,0,743,297,"1,040",71.44
,成功里,0792,265,621,268,"1,154",13,"1,167",0,"1,167",357,"1,524",76.57
,成功里,0793,288,541,309,"1,138",7,"1,145",0,"1,145",357,"1,502",76.23
,成功里,0794,230,512,251,993,2,995,0,995,356,"1,351",73.65
,華德里,0795,213,385,222,820,5,825,0,825,294,"1,119",73.73
,華德里,0796,378,560,304,"1,242",14,"1,256",0,"1,256",347,"1,603",78.35
,華德里,0797,197,361,170,728,4,732,0,732,209,941,77.79
,福德里,0798,189,348,233,770,5,775,0,775,214,989,78.36
,福德里,0799,214,386,201,801,4,805,0,805,285,"1,090",73.85
,福德里,0800,398,544,278,"1,220",4,"1,224",0,"1,224",345,"1,569",78.01
,福德里,0801,220,415,229,864,2,866,0,866,306,"1,172",73.89
,成德里,0802,174,423,235,832,2,834,1,835,298,"1,133",73.61
,成德里,0803,175,423,221,819,5,824,0,824,272,"1,096",75.18
,成德里,0804,220,407,212,839,4,843,0,843,275,"1,118",75.40
,成德里,0805,166,293,192,651,2,653,0,653,229,882,74.04
,和順里,0806,215,434,267,916,4,920,0,920,295,"1,215",75.72
,和順里,0807,196,378,236,810,3,813,0,813,296,"1,109",73.31
,和順里,0808,205,434,270,909,9,918,0,918,324,"1,242",73.91
,和順里,0809,181,422,219,822,6,828,0,828,242,"1,070",77.38
,立人里,0810,235,498,242,975,10,985,0,985,364,"1,349",73.02
,立人里,0811,144,473,204,821,2,823,0,823,269,"1,092",75.37
,雙安里,0812,169,355,240,764,1,765,0,765,260,"1,025",74.63
,雙安里,0813,189,411,260,860,2,862,0,862,289,"1,151",74.89
,文成里,0814,193,353,206,752,5,757,0,757,235,992,76.31
,文成里,0815,122,360,169,651,2,653,0,653,216,869,75.14
,文成里,0816,163,337,183,683,1,684,0,684,251,935,73.16
,元美里,0817,206,370,261,837,11,848,0,848,208,"1,056",80.30
,元美里,0818,172,329,168,669,8,677,0,677,247,924,73.27
,元美里,0819,186,400,158,744,5,749,0,749,227,976,76.74
,文元里,0820,245,349,158,752,2,754,0,754,240,994,75.86
,文元里,0821,265,443,225,933,4,937,0,937,293,"1,230",76.18
,文元里,0822,202,402,191,795,1,796,0,796,263,"1,059",75.17
,大和里,0823,229,467,186,882,7,889,0,889,314,"1,203",73.90
,大和里,0824,201,458,184,843,8,851,0,851,268,"1,119",76.05
,大和里,0825,183,444,175,802,5,807,0,807,335,"1,142",70.67
,大港里,0826,132,377,124,633,9,642,0,642,202,844,76.07
,大港里,0827,146,315,163,624,3,627,0,627,245,872,71.90
,大港里,0828,149,388,188,725,6,731,0,731,251,982,74.44
,大港里,0829,194,378,276,848,7,855,0,855,252,"1,107",77.24
,大港里,0830,225,456,258,939,2,941,0,941,328,"1,269",74.15
,大豐里,0831,149,368,145,662,7,669,0,669,315,984,67.99
,大豐里,0832,157,348,160,665,4,669,0,669,276,945,70.79
,大豐里,0833,158,332,185,675,7,682,0,682,263,945,72.17
,大豐里,0834,203,427,186,816,6,822,0,822,328,"1,150",71.48
,賢北里,0835,209,427,189,825,2,827,0,827,292,"1,119",73.91
,賢北里,0836,220,434,262,916,6,922,0,922,307,"1,229",75.02
,賢北里,0837,196,450,221,867,11,878,0,878,248,"1,126",77.98
　新市區,,,"6,047","11,759","4,890","22,696",141,"22,837",0,"22,837","8,041","30,878",73.96
,新市里,0838,136,350,153,639,5,644,0,644,291,935,68.88
,新市里,0839,188,390,179,757,6,763,0,763,246,"1,009",75.62
,新市里,0840,184,299,168,651,3,654,0,654,280,934,70.02
,新和里,0841,240,441,202,883,3,886,0,886,309,"1,195",74.14
,新和里,0842,211,486,210,907,3,910,0,910,309,"1,219",74.65
,新和里,0843,158,360,209,727,4,731,0,731,291,"1,022",71.53
,新和里,0844,253,379,181,813,5,818,0,818,233,"1,051",77.83
,新和里,0845,167,373,184,724,6,730,0,730,220,950,76.84
,新和里,0846,263,325,106,694,5,699,0,699,274,973,71.84
,社內里,0847,189,372,139,700,6,706,0,706,233,939,75.19
,社內里,0848,298,395,147,840,3,843,0,843,271,"1,114",75.67
,社內里,0849,146,373,86,605,1,606,0,606,210,816,74.26
,大洲里,0850,138,306,76,520,6,526,0,526,185,711,73.98
,豐華里,0851,147,343,114,604,5,609,0,609,229,838,72.67
,三舍里,0852,173,344,140,657,4,661,0,661,247,908,72.80
,三舍里,0853,138,260,94,492,5,497,0,497,154,651,76.34
,大營里,0854,270,368,234,872,8,880,0,880,292,"1,172",75.09
,大營里,0855,221,388,192,801,5,806,0,806,300,"1,106",72.88
,大營里,0856,202,416,183,801,4,805,0,805,299,"1,104",72.92
,大社里,0857,207,433,183,823,2,825,0,825,310,"1,135",72.69
,大社里,0858,217,429,122,768,1,769,0,769,279,"1,048",73.38
,大社里,0859,213,525,167,905,3,908,0,908,317,"1,225",74.12
,大社里,0860,201,430,123,754,4,758,0,758,233,991,76.49
,潭頂里,0861,154,324,124,602,3,605,0,605,229,834,72.54
,潭頂里,0862,145,410,136,691,6,697,0,697,222,919,75.84
,港墘里,0863,182,286,161,629,6,635,0,635,239,874,72.65
,港墘里,0864,211,461,185,857,5,862,0,862,339,"1,201",71.77
,港墘里,0865,242,438,163,843,7,850,0,850,298,"1,148",74.04
,永就里,0866,128,256,127,511,3,514,0,514,161,675,76.15
,永就里,0867,174,371,209,754,7,761,0,761,252,"1,013",75.12
,永就里,0868,251,428,193,872,7,879,0,879,289,"1,168",75.26
　永康區,,,"36,691","66,181","37,474","140,346",867,"141,213",2,"141,215","53,570","194,785",72.50
,五王里,0869,213,421,308,942,7,949,0,949,384,"1,333",71.19
,五王里,0870,267,465,251,983,6,989,0,989,408,"1,397",70.79
,五王里,0871,226,517,252,995,3,998,0,998,358,"1,356",73.60
,五王里,0872,237,429,278,944,5,949,0,949,473,"1,422",66.74
,三合里,0873,169,367,222,758,6,764,0,764,330,"1,094",69.84
,三合里,0874,229,331,216,776,5,781,0,781,334,"1,115",70.04
,三合里,0875,227,374,248,849,4,853,0,853,338,"1,191",71.62
,六合里,0876,243,431,255,929,3,932,0,932,351,"1,283",72.64
,六合里,0877,211,506,231,948,4,952,0,952,373,"1,325",71.85
,六合里,0878,296,377,296,969,6,975,1,976,398,"1,374",70.96
,六合里,0879,250,400,368,"1,018",6,"1,024",0,"1,024",354,"1,378",74.31
,網寮里,0880,272,525,222,"1,019",3,"1,022",0,"1,022",370,"1,392",73.42
,網寮里,0881,232,423,236,891,11,902,0,902,379,"1,281",70.41
,網寮里,0882,246,473,220,939,6,945,0,945,339,"1,284",73.60
,網寮里,0883,304,438,235,977,11,988,0,988,342,"1,330",74.29
,網寮里,0884,296,538,262,"1,096",8,"1,104",0,"1,104",437,"1,541",71.64
,二王里,0885,252,360,234,846,3,849,0,849,346,"1,195",71.05
,二王里,0886,268,396,259,923,7,930,0,930,369,"1,299",71.59
,二王里,0887,247,384,291,922,6,928,0,928,317,"1,245",74.54
,二王里,0888,221,401,245,867,2,869,0,869,385,"1,254",69.30
,二王里,0889,257,389,323,969,4,973,0,973,315,"1,288",75.54
,二王里,0890,249,439,285,973,4,977,0,977,335,"1,312",74.47
,永康里,0891,269,487,225,981,6,987,0,987,354,"1,341",73.60
,永康里,0892,208,469,241,918,7,925,0,925,372,"1,297",71.32
,永康里,0893,255,513,277,"1,045",8,"1,053",0,"1,053",381,"1,434",73.43
,永康里,0894,276,392,257,925,9,934,0,934,445,"1,379",67.73
,永康里,0895,150,358,197,705,2,707,0,707,"1,289","1,996",35.42
,永康里,0896,283,512,235,"1,030",1,"1,031",0,"1,031",414,"1,445",71.35
,埔園里,0897,189,394,159,742,5,747,0,747,256,"1,003",74.48
,埔園里,0898,257,418,198,873,9,882,0,882,337,"1,219",72.35
,埔園里,0899,251,377,216,844,8,852,0,852,302,"1,154",73.83
,埔園里,0900,319,527,246,"1,092",5,"1,097",0,"1,097",339,"1,436",76.39
,埔園里,0901,175,434,145,754,5,759,0,759,288,"1,047",72.49
,埔園里,0902,246,456,245,947,4,951,0,951,340,"1,291",73.66
,龍埔里,0903,289,380,194,863,6,869,0,869,313,"1,182",73.52
,龍埔里,0904,283,480,206,969,11,980,0,980,293,"1,273",76.98
,龍埔里,0905,382,473,221,"1,076",8,"1,084",0,"1,084",355,"1,439",75.33
,正強里,0906,175,512,214,901,4,905,0,905,317,"1,222",74.06
,正強里,0907,175,400,213,788,8,796,0,796,279,"1,075",74.05
,正強里,0908,223,425,243,891,6,897,0,897,309,"1,206",74.38
,正強里,0909,199,495,187,881,6,887,0,887,318,"1,205",73.61
,正強里,0910,233,423,250,906,7,913,0,913,361,"1,274",71.66
,正強里,0911,279,356,259,894,6,900,0,900,385,"1,285",70.04
,大橋里,0912,197,391,228,816,5,821,0,821,260,"1,081",75.95
,大橋里,0913,196,351,235,782,3,785,0,785,332,"1,117",70.28
,大橋里,0914,213,393,211,817,2,819,1,820,262,"1,082",75.69
,大橋里,0915,179,350,231,760,6,766,0,766,268,"1,034",74.08
,大橋里,0916,200,342,229,771,4,775,0,775,276,"1,051",73.74
,東橋里,0917,278,574,305,"1,157",6,"1,163",0,"1,163",498,"1,661",70.02
,東橋里,0918,353,651,268,"1,272",4,"1,276",0,"1,276",367,"1,643",77.66
,東橋里,0919,422,580,295,"1,297",3,"1,300",0,"1,300",384,"1,684",77.20
,東橋里,0920,106,224,118,448,1,449,0,449,158,607,73.97
,東橋里,0921,521,510,213,"1,244",5,"1,249",0,"1,249",454,"1,703",73.34
,西橋里,0922,150,312,168,630,5,635,0,635,267,902,70.40
,西橋里,0923,190,367,203,760,4,764,0,764,305,"1,069",71.47
,西橋里,0924,164,339,199,702,4,706,0,706,260,966,73.08
,安康里,0925,201,316,226,743,3,746,0,746,349,"1,095",68.13
,安康里,0926,273,402,223,898,11,909,0,909,431,"1,340",67.84
,安康里,0927,179,409,238,826,2,828,0,828,382,"1,210",68.43
,安康里,0928,176,387,233,796,8,804,0,804,271,"1,075",74.79
,蔦松里,0929,183,347,159,689,7,696,0,696,271,967,71.98
,蔦松里,0930,193,315,145,653,3,656,0,656,206,862,76.10
,三民里,0931,156,342,199,697,5,702,0,702,220,922,76.14
,三民里,0932,90,198,84,372,4,376,0,376,144,520,72.31
,塩行里,0933,212,487,241,940,7,947,0,947,348,"1,295",73.13
,塩行里,0934,188,431,177,796,7,803,0,803,292,"1,095",73.33
,塩行里,0935,211,477,242,930,10,940,0,940,325,"1,265",74.31
,塩行里,0936,215,397,204,816,7,823,0,823,299,"1,122",73.35
,塩興里,0937,205,375,194,774,4,778,0,778,321,"1,099",70.79
,塩興里,0938,389,463,218,"1,070",3,"1,073",0,"1,073",445,"1,518",70.69
,塩興里,0939,346,493,254,"1,093",5,"1,098",0,"1,098",391,"1,489",73.74
,塩洲里,0940,238,410,184,832,2,834,0,834,316,"1,150",72.52
,塩洲里,0941,182,392,167,741,7,748,0,748,237,985,75.94
,塩洲里,0942,208,479,218,905,3,908,0,908,303,"1,211",74.98
,塩洲里,0943,214,372,199,785,6,791,0,791,279,"1,070",73.93
,塩洲里,0944,217,442,194,853,8,861,0,861,281,"1,142",75.39
,甲頂里,0945,168,296,153,617,3,620,0,620,216,836,74.16
,甲頂里,0946,196,612,188,996,8,"1,004",0,"1,004",282,"1,286",78.07
,尚頂里,0947,177,480,192,849,3,852,0,852,254,"1,106",77.03
,尚頂里,0948,181,452,162,795,3,798,0,798,326,"1,124",71.00
,尚頂里,0949,297,474,304,"1,075",3,"1,078",0,"1,078",432,"1,510",71.39
,龍潭里,0950,215,464,185,864,5,869,0,869,298,"1,167",74.46
,龍潭里,0951,195,498,163,856,8,864,0,864,364,"1,228",70.36
,龍潭里,0952,233,482,192,907,7,914,0,914,347,"1,261",72.48
,龍潭里,0953,280,486,215,981,3,984,0,984,391,"1,375",71.56
,龍潭里,0954,187,376,153,716,0,716,0,716,271,987,72.54
,永明里,0955,287,527,281,"1,095",8,"1,103",0,"1,103",430,"1,533",71.95
,永明里,0956,285,464,303,"1,052",12,"1,064",0,"1,064",378,"1,442",73.79
,永明里,0957,351,496,309,"1,156",5,"1,161",0,"1,161",397,"1,558",74.52
,王行里,0958,207,518,183,908,3,911,0,911,310,"1,221",74.61
,王行里,0959,202,468,182,852,6,858,0,858,323,"1,181",72.65
,烏竹里,0960,263,525,232,"1,020",8,"1,028",0,"1,028",366,"1,394",73.74
,烏竹里,0961,338,497,258,"1,093",4,"1,097",0,"1,097",397,"1,494",73.43
,西勢里,0962,274,435,230,939,6,945,0,945,326,"1,271",74.35
,西勢里,0963,230,445,227,902,4,906,0,906,301,"1,207",75.06
,西勢里,0964,210,488,195,893,8,901,0,901,315,"1,216",74.10
,西勢里,0965,224,453,221,898,6,904,0,904,315,"1,219",74.16
,西勢里,0966,187,459,187,833,8,841,0,841,346,"1,187",70.85
,新樹里,0967,153,388,165,706,8,714,0,714,289,"1,003",71.19
,新樹里,0968,208,431,147,786,7,793,0,793,270,"1,063",74.60
,大灣里,0969,179,471,132,782,9,791,0,791,302,"1,093",72.37
,大灣里,0970,137,396,176,709,5,714,0,714,268,982,72.71
,大灣里,0971,263,514,209,986,7,993,0,993,301,"1,294",76.74
,東灣里,0972,160,463,174,797,3,800,0,800,309,"1,109",72.14
,東灣里,0973,194,452,175,821,9,830,0,830,304,"1,134",73.19
,東灣里,0974,161,468,198,827,4,831,0,831,316,"1,147",72.45
,西灣里,0975,197,482,159,838,10,848,0,848,303,"1,151",73.68
,西灣里,0976,215,415,199,829,4,833,0,833,252,"1,085",76.77
,西灣里,0977,268,510,224,"1,002",5,"1,007",0,"1,007",334,"1,341",75.09
,西灣里,0978,221,442,181,844,4,848,0,848,280,"1,128",75.18
,西灣里,0979,242,439,219,900,2,902,0,902,289,"1,191",75.73
,西灣里,0980,255,409,224,888,3,891,0,891,302,"1,193",74.69
,南灣里,0981,228,546,183,957,3,960,0,960,358,"1,318",72.84
,南灣里,0982,174,520,189,883,5,888,0,888,316,"1,204",73.75
,南灣里,0983,190,469,202,861,8,869,0,869,343,"1,212",71.70
,崑山里,0984,143,373,203,719,6,725,0,725,310,"1,035",70.05
,崑山里,0985,208,490,205,903,4,907,0,907,307,"1,214",74.71
,崑山里,0986,219,445,236,900,10,910,0,910,298,"1,208",75.33
,崑山里,0987,214,439,208,861,4,865,0,865,254,"1,119",77.30
,崑山里,0988,180,415,172,767,2,769,0,769,296,"1,065",72.21
,北灣里,0989,264,581,228,"1,073",5,"1,078",0,"1,078",418,"1,496",72.06
,北灣里,0990,227,528,196,951,4,955,0,955,319,"1,274",74.96
,北灣里,0991,217,487,201,905,6,911,0,911,322,"1,233",73.88
,北興里,0992,252,485,204,941,2,943,0,943,320,"1,263",74.66
,北興里,0993,286,473,234,993,6,999,0,999,329,"1,328",75.23
,北興里,0994,273,514,236,"1,023",13,"1,036",0,"1,036",290,"1,326",78.13
,北興里,0995,230,403,204,837,4,841,0,841,303,"1,144",73.51
,復興里,0996,115,146,304,565,11,576,0,576,354,930,61.94
,復興里,0997,145,171,288,604,4,608,0,608,280,888,68.47
,光復里,0998,153,152,206,511,3,514,0,514,239,753,68.26
,建國里,0999,136,160,288,584,3,587,0,587,231,818,71.76
,建國里,1000,233,266,257,756,1,757,0,757,292,"1,049",72.16
,復國里,1001,209,384,356,949,9,958,0,958,260,"1,218",78.65
,復國里,1002,248,364,390,"1,002",4,"1,006",0,"1,006",383,"1,389",72.43
,復國里,1003,243,363,258,864,4,868,0,868,416,"1,284",67.60
,復國里,1004,242,323,275,840,4,844,0,844,348,"1,192",70.81
,復國里,1005,331,315,207,853,4,857,0,857,430,"1,287",66.59
,復國里,1006,158,204,187,549,4,553,0,553,227,780,70.90
,復國里,1007,226,265,293,784,5,789,0,789,300,"1,089",72.45
,復華里,1008,320,430,355,"1,105",6,"1,111",0,"1,111",481,"1,592",69.79
,復華里,1009,270,403,281,954,2,956,0,956,354,"1,310",72.98
,復華里,1010,207,349,275,831,6,837,0,837,313,"1,150",72.78
,復華里,1011,261,340,272,873,4,877,0,877,338,"1,215",72.18
,復華里,1012,280,386,313,979,7,986,0,986,303,"1,289",76.49
,復華里,1013,276,411,314,"1,001",6,"1,007",0,"1,007",413,"1,420",70.92
,復華里,1014,217,290,258,765,3,768,0,768,300,"1,068",71.91
,神洲里,1015,234,292,283,809,9,818,0,818,378,"1,196",68.39
,成功里,1016,192,157,397,746,7,753,0,753,268,"1,021",73.75
,成功里,1017,165,206,311,682,3,685,0,685,307,992,69.05
,中華里,1018,272,422,409,"1,103",6,"1,109",0,"1,109",271,"1,380",80.36
,中華里,1019,230,399,360,989,3,992,0,992,371,"1,363",72.78
,中興里,1020,193,277,284,754,1,755,0,755,286,"1,041",72.53
,中興里,1021,198,356,271,825,7,832,0,832,268,"1,100",75.64
,中興里,1022,169,299,286,754,7,761,0,761,291,"1,052",72.34
,勝利里,1023,282,453,316,"1,051",4,"1,055",0,"1,055",390,"1,445",73.01
,勝利里,1024,269,352,326,947,13,960,0,960,376,"1,336",71.86
,勝利里,1025,234,373,312,919,7,926,0,926,365,"1,291",71.73
,勝利里,1026,207,436,350,993,5,998,0,998,404,"1,402",71.18
,勝利里,1027,271,335,216,822,4,826,0,826,424,"1,250",66.08
,勝利里,1028,187,276,311,774,3,777,0,777,338,"1,115",69.69
　新化區,,,"6,245","13,320","7,130","26,695",179,"26,874",0,"26,874","9,821","36,695",73.24
,武安里,1029,142,351,272,765,2,767,0,767,242,"1,009",76.02
,武安里,1030,204,354,235,793,7,800,0,800,266,"1,066",75.05
,武安里,1031,157,330,178,665,3,668,0,668,212,880,75.91
,東榮里,1032,164,378,248,790,4,794,0,794,360,"1,154",68.80
,東榮里,1033,133,329,138,600,3,603,0,603,222,825,73.09
,東榮里,1034,169,332,172,673,2,675,0,675,267,942,71.66
,東榮里,1035,159,327,253,739,9,748,0,748,266,"1,014",73.77
,護國里,1036,116,333,192,641,4,645,0,645,224,869,74.22
,護國里,1037,111,248,201,560,5,565,0,565,191,756,74.74
,護國里,1038,147,290,166,603,0,603,0,603,365,968,62.29
,太平里,1039,247,471,244,962,4,966,0,966,323,"1,289",74.94
,太平里,1040,169,360,166,695,5,700,0,700,271,971,72.09
,太平里,1041,246,468,233,947,9,956,0,956,357,"1,313",72.81
,太平里,1042,141,324,144,609,3,612,0,612,186,798,76.69
,協興里,1043,133,379,179,691,6,697,0,697,260,957,72.83
,協興里,1044,163,338,209,710,7,717,0,717,267,984,72.87
,協興里,1045,202,436,241,879,4,883,0,883,312,"1,195",73.89
,唪口里,1046,218,385,224,827,5,832,0,832,276,"1,108",75.09
,唪口里,1047,131,427,139,697,4,701,0,701,272,973,72.05
,北勢里,1048,256,508,271,"1,035",13,"1,048",0,"1,048",400,"1,448",72.38
,豐榮里,1049,253,433,225,911,5,916,0,916,295,"1,211",75.64
,豐榮里,1050,218,398,241,857,4,861,0,861,362,"1,223",70.40
,豐榮里,1051,147,241,169,557,7,564,0,564,199,763,73.92
,全興里,1052,234,459,270,963,5,968,0,968,349,"1,317",73.50
,全興里,1053,288,479,340,"1,107",7,"1,114",0,"1,114",324,"1,438",77.47
,崙頂里,1054,164,399,189,752,5,757,0,757,222,979,77.32
,崙頂里,1055,195,430,189,814,8,822,0,822,249,"1,071",76.75
,知義里,1056,165,500,191,856,5,861,0,861,251,"1,112",77.43
,知義里,1057,128,300,195,623,6,629,0,629,305,934,67.34
,山脚里,1058,286,441,173,900,7,907,0,907,373,"1,280",70.86
,山脚里,1059,136,247,114,497,5,502,0,502,207,709,70.80
,大坑里,1060,54,198,52,304,2,306,0,306,95,401,76.31
,𦰡拔里,1061,203,330,201,734,4,738,0,738,252,990,74.55
,𦰡拔里,1062,151,344,200,695,4,699,0,699,297,996,70.18
,羊林里,1063,135,323,173,631,6,637,0,637,239,876,72.72
,礁坑里,1064,80,430,103,613,0,613,0,613,263,876,69.98
　安平區,,,"9,969","19,638","11,378","40,985",253,"41,238",0,"41,238","16,298","57,536",71.67
,文平里,1065,195,387,243,825,2,827,0,827,290,"1,117",74.04
,文平里,1066,279,548,296,"1,123",6,"1,129",0,"1,129",352,"1,481",76.23
,文平里,1067,219,486,323,"1,028",7,"1,035",0,"1,035",355,"1,390",74.46
,文平里,1068,252,455,311,"1,018",8,"1,026",0,"1,026",345,"1,371",74.84
,建平里,1069,216,408,243,867,4,871,0,871,360,"1,231",70.76
,建平里,1070,212,459,285,956,5,961,0,961,319,"1,280",75.08
,建平里,1071,245,466,226,937,14,951,0,951,389,"1,340",70.97
,建平里,1072,237,465,289,991,2,993,0,993,353,"1,346",73.77
,怡平里,1073,253,426,256,935,0,935,0,935,417,"1,352",69.16
,怡平里,1074,277,481,269,"1,027",5,"1,032",0,"1,032",390,"1,422",72.57
,怡平里,1075,280,469,282,"1,031",9,"1,040",0,"1,040",384,"1,424",73.03
,華平里,1076,201,447,244,892,5,897,0,897,272,"1,169",76.73
,華平里,1077,214,466,246,926,3,929,0,929,379,"1,308",71.02
,華平里,1078,211,382,247,840,4,844,0,844,329,"1,173",71.95
,華平里,1079,188,414,240,842,6,848,0,848,303,"1,151",73.68
,平通里,1080,196,394,223,813,7,820,0,820,409,"1,229",66.72
,平通里,1081,212,392,225,829,3,832,0,832,321,"1,153",72.16
,平通里,1082,141,315,212,668,1,669,0,669,515,"1,184",56.50
,平通里,1083,198,391,214,803,6,809,0,809,361,"1,170",69.15
,平通里,1084,224,483,273,980,9,989,0,989,355,"1,344",73.59
,平通里,1085,260,449,249,958,3,961,0,961,309,"1,270",75.67
,億載里,1086,277,528,274,"1,079",5,"1,084",0,"1,084",445,"1,529",70.90
,億載里,1087,306,526,301,"1,133",8,"1,141",0,"1,141",412,"1,553",73.47
,育平里,1088,267,432,260,959,6,965,0,965,415,"1,380",69.93
,育平里,1089,236,369,288,893,8,901,0,901,315,"1,216",74.10
,育平里,1090,213,377,284,874,5,879,0,879,431,"1,310",67.10
,育平里,1091,248,415,235,898,3,901,0,901,391,"1,292",69.74
,育平里,1092,261,465,246,972,4,976,0,976,415,"1,391",70.17
,育平里,1093,273,432,285,990,9,999,0,999,455,"1,454",68.71
,國平里,1094,252,494,302,"1,048",8,"1,056",0,"1,056",337,"1,393",75.81
,國平里,1095,249,402,249,900,6,906,0,906,289,"1,195",75.82
,國平里,1096,207,393,281,881,3,884,0,884,388,"1,272",69.50
,國平里,1097,243,404,283,930,5,935,0,935,346,"1,281",72.99
,國平里,1098,258,450,242,950,4,954,0,954,384,"1,338",71.30
,國平里,1099,373,537,246,"1,156",8,"1,164",0,"1,164",494,"1,658",70.21
,漁光里,1100,48,159,80,287,1,288,0,288,114,402,71.64
,平安里,1101,169,459,239,867,8,875,0,875,377,"1,252",69.89
,平安里,1102,167,443,237,847,7,854,0,854,325,"1,179",72.43
,平安里,1103,112,308,133,553,5,558,0,558,199,757,73.71
,天妃里,1104,169,400,207,776,7,783,0,783,288,"1,071",73.11
,天妃里,1105,141,400,185,726,5,731,0,731,296,"1,027",71.18
,天妃里,1106,113,443,157,713,5,718,0,718,266,984,72.97
,王城里,1107,157,477,284,918,6,924,0,924,411,"1,335",69.21
,王城里,1108,186,491,246,923,10,933,0,933,419,"1,352",69.01
,金城里,1109,119,283,175,577,1,578,0,578,275,853,67.76
,金城里,1110,215,368,263,846,7,853,0,853,304,"1,157",73.73
　中西區,,,"9,708","23,508","12,279","45,495",277,"45,772",0,"45,772","17,449","63,221",72.40
,赤嵌里,1111,149,506,205,860,3,863,0,863,388,"1,251",68.98
,赤嵌里,1112,154,457,218,829,7,836,0,836,310,"1,146",72.95
,赤嵌里,1113,164,444,218,826,5,831,0,831,299,"1,130",73.54
,郡王里,1114,183,396,212,791,7,798,0,798,248,"1,046",76.29
,郡王里,1115,161,373,193,727,4,731,0,731,229,960,76.15
,郡王里,1116,147,363,191,701,4,705,0,705,247,952,74.05
,法華里,1117,209,497,261,967,2,969,0,969,355,"1,324",73.19
,法華里,1118,203,447,317,967,6,973,0,973,355,"1,328",73.27
,開山里,1119,172,476,191,839,5,844,0,844,354,"1,198",70.45
,開山里,1120,167,430,204,801,6,807,0,807,302,"1,109",72.77
,永華里,1121,198,465,229,892,5,897,0,897,352,"1,249",71.82
,永華里,1122,199,489,232,920,6,926,0,926,319,"1,245",74.38
,藥王里,1123,90,283,129,502,2,504,0,504,210,714,70.59
,藥王里,1124,116,362,136,614,7,621,0,621,272,893,69.54
,藥王里,1125,110,272,153,535,1,536,0,536,200,736,72.83
,藥王里,1126,128,279,149,556,2,558,0,558,211,769,72.56
,光賢里,1127,160,406,162,728,6,734,0,734,262,996,73.69
,光賢里,1128,204,444,196,844,6,850,0,850,259,"1,109",76.65
,光賢里,1129,248,498,240,986,5,991,0,991,340,"1,331",74.46
,大涼里,1130,232,486,256,974,3,977,0,977,368,"1,345",72.64
,大涼里,1131,206,407,278,891,8,899,0,899,313,"1,212",74.17
,西湖里,1132,199,400,231,830,1,831,0,831,240,"1,071",77.59
,西湖里,1133,150,420,261,831,6,837,0,837,252,"1,089",76.86
,西湖里,1134,218,359,212,789,4,793,0,793,256,"1,049",75.60
,西湖里,1135,191,367,272,830,6,836,0,836,315,"1,151",72.63
,西湖里,1136,285,491,291,"1,067",2,"1,069",0,"1,069",339,"1,408",75.92
,西賢里,1137,189,457,274,920,6,926,0,926,306,"1,232",75.16
,西賢里,1138,199,442,266,907,1,908,0,908,268,"1,176",77.21
,西賢里,1139,174,443,233,850,5,855,0,855,291,"1,146",74.61
,西賢里,1140,249,407,271,927,5,932,0,932,287,"1,219",76.46
,城隍里,1141,116,290,165,571,5,576,0,576,280,856,67.29
,城隍里,1142,133,413,146,692,8,700,0,700,274,974,71.87
,城隍里,1143,149,353,169,671,4,675,0,675,265,940,71.81
,城隍里,1144,109,361,129,599,3,602,0,602,247,849,70.91
,南美里,1145,117,447,189,753,4,757,0,757,325,"1,082",69.96
,南美里,1146,137,406,191,734,3,737,0,737,313,"1,050",70.19
,南美里,1147,129,349,172,650,4,654,0,654,255,909,71.95
,南門里,1148,197,373,327,897,2,899,0,899,324,"1,223",73.51
,南門里,1149,175,471,223,869,7,876,0,876,339,"1,215",72.10
,小西門里,1150,154,322,235,711,4,715,0,715,314,"1,029",69.48
,小西門里,1151,168,361,222,751,9,760,0,760,304,"1,064",71.43
,小西門里,1152,149,326,178,653,2,655,0,655,224,879,74.52
,五條港里,1153,103,405,180,688,10,698,0,698,299,997,70.01
,五條港里,1154,117,321,212,650,5,655,0,655,230,885,74.01
,兌悅里,1155,150,413,191,754,7,761,0,761,625,"1,386",54.91
,兌悅里,1156,183,461,196,840,12,852,0,852,297,"1,149",74.15
,兌悅里,1157,191,455,215,861,7,868,0,868,355,"1,223",70.97
,淺草里,1158,134,445,232,811,5,816,0,816,386,"1,202",67.89
,淺草里,1159,174,364,266,804,1,805,0,805,404,"1,209",66.58
,府前里,1160,145,365,140,650,5,655,0,655,274,929,70.51
,府前里,1161,132,344,188,664,3,667,0,667,274,941,70.88
,南廠里,1162,111,340,169,620,3,623,0,623,308,931,66.92
,南廠里,1163,110,369,149,628,2,630,0,630,259,889,70.87
,南廠里,1164,139,385,159,683,7,690,0,690,296,986,69.98
,南廠里,1165,121,344,161,626,4,630,0,630,270,900,70.00
,西和里,1166,176,409,167,752,5,757,0,757,291,"1,048",72.23
,西和里,1167,162,372,206,740,1,741,0,741,231,972,76.23
,西和里,1168,174,336,240,750,3,753,0,753,219,972,77.47
,西和里,1169,199,342,181,722,6,728,0,728,220,948,76.79
　南區,,,"16,537","40,510","19,507","76,554",477,"77,031",2,"77,033","28,487","105,520",73.00
,大恩里,1170,136,293,205,634,5,639,0,639,220,859,74.39
,大恩里,1171,186,417,278,881,6,887,0,887,326,"1,213",73.12
,大恩里,1172,189,384,292,865,6,871,0,871,332,"1,203",72.40
,大林里,1173,148,320,315,783,5,788,0,788,289,"1,077",73.17
,大林里,1174,185,336,278,799,5,804,0,804,272,"1,076",74.72
,大忠里,1175,151,450,219,820,6,826,0,826,322,"1,148",71.95
,大忠里,1176,151,316,246,713,4,717,0,717,240,957,74.92
,大忠里,1177,182,297,224,703,4,707,0,707,232,939,75.29
,大忠里,1178,221,441,278,940,8,948,0,948,359,"1,307",72.53
,新生里,1179,162,184,346,692,4,696,0,696,323,"1,019",68.30
,新生里,1180,191,175,439,805,6,811,0,811,295,"1,106",73.33
,新生里,1181,187,255,381,823,4,827,0,827,330,"1,157",71.48
,竹溪里,1182,101,265,204,570,6,576,0,576,215,791,72.82
,竹溪里,1183,129,283,194,606,2,608,0,608,203,811,74.97
,明德里,1184,319,416,295,"1,030",7,"1,037",0,"1,037",357,"1,394",74.39
,大成里,1185,323,432,232,987,9,996,0,996,308,"1,304",76.38
,大成里,1186,102,302,135,539,2,541,0,541,195,736,73.51
,田寮里,1187,124,323,187,634,3,637,0,637,252,889,71.65
,田寮里,1188,191,411,274,876,5,881,0,881,257,"1,138",77.42
,田寮里,1189,137,382,188,707,4,711,0,711,263,974,73.00
,新興里,1190,107,301,180,588,4,592,0,592,259,851,69.57
,新興里,1191,136,345,137,618,4,622,0,622,199,821,75.76
,新興里,1192,143,315,161,619,5,624,0,624,292,916,68.12
,再興里,1193,182,424,225,831,7,838,0,838,269,"1,107",75.70
,再興里,1194,132,381,201,714,5,719,0,719,286,"1,005",71.54
,廣州里,1195,143,466,194,803,3,806,1,807,258,"1,065",75.68
,廣州里,1196,149,440,203,792,3,795,0,795,251,"1,046",76.00
,新昌里,1197,198,427,218,843,3,846,0,846,306,"1,152",73.44
,新昌里,1198,166,331,207,704,5,709,0,709,250,959,73.93
,文華里,1199,179,433,187,799,3,802,0,802,257,"1,059",75.73
,文華里,1200,149,409,172,730,7,737,0,737,282,"1,019",72.33
,文華里,1201,143,379,233,755,5,760,0,760,256,"1,016",74.80
,文南里,1202,186,387,207,780,6,786,0,786,338,"1,124",69.93
,文南里,1203,205,387,244,836,5,841,0,841,307,"1,148",73.26
,文南里,1204,173,521,303,997,7,"1,004",0,"1,004",301,"1,305",76.93
,文南里,1205,184,538,236,958,8,966,1,967,324,"1,291",74.83
,金華里,1206,197,430,238,865,3,868,0,868,334,"1,202",72.21
,金華里,1207,167,482,193,842,7,849,0,849,357,"1,206",70.40
,金華里,1208,201,407,209,817,5,822,0,822,316,"1,138",72.23
,金華里,1209,211,447,220,878,4,882,0,882,298,"1,180",74.75
,國宅里,1210,152,379,138,669,4,673,0,673,267,940,71.60
,國宅里,1211,110,362,163,635,2,637,0,637,210,847,75.21
,國宅里,1212,157,389,186,732,6,738,0,738,259,997,74.02
,鹽埕里,1213,103,364,131,598,2,600,0,600,248,848,70.75
,鹽埕里,1214,125,317,142,584,2,586,0,586,226,812,72.17
,鹽埕里,1215,121,453,170,744,4,748,0,748,269,"1,017",73.55
,鹽埕里,1216,136,320,191,647,1,648,0,648,247,895,72.40
,光明里,1217,140,396,125,661,3,664,0,664,254,918,72.33
,光明里,1218,125,320,187,632,4,636,0,636,226,862,73.78
,光明里,1219,172,479,153,804,3,807,0,807,300,"1,107",72.90
,光明里,1220,175,416,183,774,3,777,0,777,255,"1,032",75.29
,明亮里,1221,166,420,165,751,9,760,0,760,255,"1,015",74.88
,明亮里,1222,178,415,170,763,2,765,0,765,290,"1,055",72.51
,明亮里,1223,213,535,229,977,10,987,0,987,334,"1,321",74.72
,府南里,1224,261,606,336,"1,203",10,"1,213",0,"1,213",487,"1,700",71.35
,府南里,1225,241,515,294,"1,050",4,"1,054",0,"1,054",398,"1,452",72.59
,府南里,1226,226,566,264,"1,056",10,"1,066",0,"1,066",393,"1,459",73.06
,明興里,1227,214,657,204,"1,075",12,"1,087",0,"1,087",391,"1,478",73.55
,明興里,1228,261,665,234,"1,160",6,"1,166",0,"1,166",450,"1,616",72.15
,郡南里,1229,196,463,187,846,6,852,0,852,291,"1,143",74.54
,郡南里,1230,169,411,235,815,4,819,0,819,320,"1,139",71.91
,郡南里,1231,176,460,215,851,4,855,0,855,265,"1,120",76.34
,建南里,1232,183,483,222,888,4,892,0,892,264,"1,156",77.16
,建南里,1233,164,435,209,808,2,810,0,810,265,"1,075",75.35
,建南里,1234,235,477,239,951,13,964,0,964,283,"1,247",77.31
,建南里,1235,244,602,212,"1,058",7,"1,065",0,"1,065",301,"1,366",77.96
,南都里,1236,214,444,223,881,6,887,0,887,726,"1,613",54.99
,南都里,1237,187,361,197,745,3,748,0,748,251,999,74.87
,南華里,1238,193,408,203,804,9,813,0,813,346,"1,159",70.15
,南華里,1239,165,432,222,819,3,822,0,822,351,"1,173",70.08
,開南里,1240,270,547,316,"1,133",5,"1,138",0,"1,138",485,"1,623",70.12
,開南里,1241,157,444,206,807,4,811,0,811,311,"1,122",72.28
,開南里,1242,206,471,196,873,9,882,0,882,328,"1,210",72.89
,開南里,1243,241,550,237,"1,028",6,"1,034",0,"1,034",407,"1,441",71.76
,彰南里,1244,116,318,151,585,3,588,0,588,259,847,69.42
,彰南里,1245,79,234,100,413,1,414,0,414,128,542,76.38
,鯤鯓里,1246,105,374,159,638,1,639,0,639,275,914,69.91
,鯤鯓里,1247,90,316,133,539,3,542,0,542,224,766,70.76
,喜北里,1248,170,457,160,787,4,791,0,791,276,"1,067",74.13
,喜北里,1249,100,493,109,702,3,705,0,705,292,997,70.71
,喜南里,1250,115,567,127,809,9,818,0,818,316,"1,134",72.13
,喜東里,1251,158,458,153,769,15,784,0,784,295,"1,079",72.66
,喜東里,1252,140,472,95,707,3,710,0,710,231,941,75.45
,省躬里,1253,165,570,154,889,5,894,0,894,345,"1,239",72.15
,省躬里,1254,361,464,219,"1,044",9,"1,053",0,"1,053",421,"1,474",71.44
,省躬里,1255,200,552,154,906,2,908,0,908,339,"1,247",72.81
,永寧里,1256,108,433,125,666,4,670,0,670,251,921,72.75
,永寧里,1257,71,309,116,496,4,500,0,500,183,683,73.21
,松安里,1258,136,502,130,768,2,770,0,770,260,"1,030",74.76
,松安里,1259,115,282,105,502,0,502,0,502,188,690,72.75
,佛壇里,1260,153,547,133,833,6,839,0,839,260,"1,099",76.34
,佛壇里,1261,215,558,172,945,10,955,0,955,354,"1,309",72.96
,同安里,1262,159,464,178,801,3,804,0,804,297,"1,101",73.02
,同安里,1263,134,458,133,725,1,726,0,726,264,990,73.33
,興農里,1264,127,456,108,691,5,696,0,696,291,987,70.52
,興農里,1265,378,732,231,"1,341",2,"1,343",0,"1,343",455,"1,798",74.69
　東區,,,"25,276","49,578","34,120","108,974",692,"109,666",5,"109,671","38,808","148,479",73.86
,崇信里,1266,226,483,265,974,7,981,0,981,"1,037","2,018",48.61
,崇信里,1267,216,450,248,914,8,922,0,922,335,"1,257",73.35
,崇信里,1268,174,337,207,718,6,724,0,724,273,997,72.62
,崇學里,1269,150,288,219,657,5,662,0,662,234,896,73.88
,崇學里,1270,141,345,201,687,4,691,0,691,230,921,75.03
,崇學里,1271,121,319,222,662,6,668,0,668,278,946,70.61
,大學里,1272,140,342,237,719,8,727,0,727,245,972,74.79
,成大里,1273,136,301,219,656,3,659,0,659,268,927,71.09
,成大里,1274,139,253,240,632,3,635,0,635,274,909,69.86
,東門里,1275,97,283,162,542,2,544,0,544,237,781,69.65
,東門里,1276,122,343,178,643,6,649,0,649,243,892,72.76
,圍下里,1277,92,241,169,502,5,507,0,507,198,705,71.91
,圍下里,1278,159,384,228,771,4,775,0,775,234,"1,009",76.81
,中西里,1279,141,307,217,665,4,669,0,669,259,928,72.09
,中西里,1280,142,259,181,582,1,583,0,583,242,825,70.67
,中西里,1281,195,383,212,790,5,795,0,795,271,"1,066",74.58
,東安里,1282,149,445,251,845,10,855,0,855,417,"1,272",67.22
,忠孝里,1283,165,280,263,708,3,711,0,711,240,951,74.76
,忠孝里,1284,150,310,279,739,6,745,0,745,262,"1,007",73.98
,忠孝里,1285,174,347,229,750,9,759,0,759,289,"1,048",72.42
,忠孝里,1286,131,305,295,731,5,736,0,736,256,992,74.19
,大福里,1287,199,542,339,"1,080",8,"1,088",0,"1,088",426,"1,514",71.86
,大德里,1288,213,505,297,"1,015",8,"1,023",0,"1,023",383,"1,406",72.76
,路東里,1289,260,453,402,"1,115",9,"1,124",0,"1,124",411,"1,535",73.22
,大同里,1290,190,474,295,959,6,965,1,966,415,"1,381",69.88
,大同里,1291,212,468,282,962,12,974,0,974,413,"1,387",70.22
,泉南里,1292,130,344,203,677,3,680,0,680,251,931,73.04
,泉南里,1293,218,446,329,993,8,"1,001",0,"1,001",383,"1,384",72.33
,泉南里,1294,124,403,245,772,4,776,0,776,266,"1,042",74.47
,泉南里,1295,169,402,218,789,6,795,0,795,284,"1,079",73.68
,龍山里,1296,138,341,220,699,2,701,0,701,250,951,73.71
,龍山里,1297,160,310,209,679,2,681,0,681,243,924,73.70
,龍山里,1298,245,468,257,970,7,977,0,977,308,"1,285",76.03
,龍山里,1299,155,459,303,917,6,923,0,923,358,"1,281",72.05
,德光里,1300,192,392,292,876,4,880,0,880,285,"1,165",75.54
,德光里,1301,211,422,352,985,6,991,0,991,369,"1,360",72.87
,德光里,1302,200,449,301,950,8,958,0,958,289,"1,247",76.82
,崇德里,1303,194,360,310,864,4,868,0,868,257,"1,125",77.16
,崇德里,1304,199,379,276,854,5,859,0,859,260,"1,119",76.76
,崇德里,1305,201,323,249,773,10,783,0,783,276,"1,059",73.94
,崇德里,1306,185,319,210,714,3,717,0,717,243,960,74.69
,崇善里,1307,275,517,283,"1,075",9,"1,084",2,"1,086",316,"1,402",77.32
,崇善里,1308,268,493,296,"1,057",6,"1,063",0,"1,063",333,"1,396",76.15
,崇善里,1309,202,456,280,938,3,941,0,941,261,"1,202",78.29
,崇善里,1310,153,310,211,674,5,679,0,679,219,898,75.61
,崇成里,1311,185,276,197,658,5,663,0,663,243,906,73.18
,崇成里,1312,189,349,226,764,2,766,0,766,224,990,77.37
,崇成里,1313,148,277,207,632,5,637,0,637,217,854,74.59
,崇文里,1314,191,372,260,823,4,827,0,827,257,"1,084",76.29
,崇文里,1315,227,395,298,920,1,921,0,921,332,"1,253",73.50
,崇文里,1316,229,384,271,884,5,889,0,889,298,"1,187",74.89
,崇文里,1317,232,333,292,857,1,858,0,858,281,"1,139",75.33
,崇文里,1318,195,323,204,722,6,728,0,728,229,957,76.07
,東智里,1319,204,413,305,922,2,924,0,924,318,"1,242",74.40
,東智里,1320,343,592,334,"1,269",13,"1,282",0,"1,282",419,"1,701",75.37
,大智里,1321,179,395,306,880,7,887,0,887,378,"1,265",70.12
,大智里,1322,258,355,398,"1,011",9,"1,020",1,"1,021",298,"1,319",77.33
,大智里,1323,216,373,295,884,6,890,0,890,344,"1,234",72.12
,大智里,1324,247,378,325,950,7,957,0,957,304,"1,261",75.89
,大智里,1325,245,410,287,942,4,946,0,946,322,"1,268",74.61
,德高里,1326,242,406,251,899,9,908,0,908,333,"1,241",73.17
,德高里,1327,236,462,202,900,1,901,0,901,264,"1,165",77.34
,德高里,1328,142,311,172,625,9,634,0,634,198,832,76.20
,仁和里,1329,201,413,267,881,7,888,0,888,355,"1,243",71.44
,仁和里,1330,248,324,234,806,3,809,0,809,284,"1,093",74.02
,仁和里,1331,208,366,207,781,11,792,0,792,256,"1,048",75.57
,仁和里,1332,198,371,198,767,3,770,0,770,286,"1,056",72.92
,和平里,1333,234,445,245,924,3,927,0,927,313,"1,240",74.76
,和平里,1334,276,489,294,"1,059",5,"1,064",0,"1,064",357,"1,421",74.88
,和平里,1335,203,415,276,894,8,902,0,902,341,"1,243",72.57
,和平里,1336,188,357,235,780,3,783,0,783,315,"1,098",71.31
,虎尾里,1337,242,458,276,976,9,985,0,985,336,"1,321",74.56
,虎尾里,1338,221,473,288,982,3,985,0,985,306,"1,291",76.30
,虎尾里,1339,187,375,257,819,5,824,0,824,294,"1,118",73.70
,虎尾里,1340,229,485,287,"1,001",6,"1,007",0,"1,007",284,"1,291",78.00
,裕聖里,1341,268,389,294,951,2,953,0,953,263,"1,216",78.37
,裕聖里,1342,225,339,290,854,4,858,0,858,220,"1,078",79.59
,裕聖里,1343,269,321,318,908,8,916,0,916,274,"1,190",76.97
,裕聖里,1344,298,357,253,908,2,910,0,910,263,"1,173",77.58
,復興里,1345,177,448,215,840,1,841,0,841,329,"1,170",71.88
,復興里,1346,159,362,220,741,5,746,0,746,262,"1,008",74.01
,復興里,1347,161,371,244,776,4,780,0,780,249,"1,029",75.80
,自強里,1348,232,424,322,978,7,985,0,985,342,"1,327",74.23
,自強里,1349,195,412,290,897,7,904,0,904,306,"1,210",74.71
,自強里,1350,250,420,308,978,4,982,0,982,356,"1,338",73.39
,自強里,1351,217,435,248,900,3,903,0,903,354,"1,257",71.84
,東聖里,1352,183,392,218,793,3,796,0,796,271,"1,067",74.60
,東聖里,1353,167,334,254,755,4,759,0,759,311,"1,070",70.93
,關聖里,1354,183,353,271,807,6,813,0,813,302,"1,115",72.91
,關聖里,1355,184,317,252,753,4,757,0,757,260,"1,017",74.43
,關聖里,1356,235,319,253,807,5,812,0,812,283,"1,095",74.16
,關聖里,1357,269,404,275,948,4,952,0,952,288,"1,240",76.77
,南聖里,1358,201,391,253,845,5,850,0,850,264,"1,114",76.30
,南聖里,1359,265,412,363,"1,040",11,"1,051",0,"1,051",292,"1,343",78.26
,文聖里,1360,173,366,254,793,4,797,0,797,256,"1,053",75.69
,文聖里,1361,197,368,233,798,4,802,0,802,260,"1,062",75.52
,文聖里,1362,213,305,275,793,3,796,0,796,249,"1,045",76.17
,文聖里,1363,196,330,251,777,6,783,0,783,241,"1,024",76.46
,後甲里,1364,148,308,173,629,4,633,0,633,255,888,71.28
,後甲里,1365,156,307,229,692,0,692,0,692,241,933,74.17
,後甲里,1366,145,333,214,692,3,695,0,695,227,922,75.38
,東光里,1367,206,478,287,971,6,977,0,977,317,"1,294",75.50
,東光里,1368,151,316,254,721,5,726,0,726,285,"1,011",71.81
,東光里,1369,186,295,347,828,1,829,0,829,339,"1,168",70.98
,東光里,1370,173,410,280,863,2,865,0,865,248,"1,113",77.72
,東明里,1371,126,271,240,637,2,639,0,639,218,857,74.56
,東明里,1372,140,309,202,651,3,654,1,655,234,889,73.57
,東明里,1373,167,338,241,746,5,751,0,751,283,"1,034",72.63
,莊敬里,1374,194,434,303,931,9,940,0,940,302,"1,242",75.68
,莊敬里,1375,187,258,219,664,2,666,0,666,232,898,74.16
,莊敬里,1376,224,433,274,931,5,936,0,936,321,"1,257",74.46
,小東里,1377,193,325,215,733,5,738,0,738,286,"1,024",72.07
,小東里,1378,175,318,262,755,5,760,0,760,247,"1,007",75.47
,小東里,1379,183,275,262,720,6,726,0,726,265,991,73.26
,小東里,1380,154,346,243,743,6,749,0,749,271,"1,020",73.43
,新東里,1381,148,372,254,774,5,779,0,779,263,"1,042",74.76
,新東里,1382,189,431,317,937,4,941,0,941,289,"1,230",76.50
,崇誨里,1383,177,271,321,769,9,778,0,778,308,"1,086",71.64
,崇誨里,1384,190,363,317,870,5,875,0,875,311,"1,186",73.78
,衛國里,1385,219,481,341,"1,041",9,"1,050",0,"1,050",401,"1,451",72.36
,裕農里,1386,227,517,324,"1,068",11,"1,079",0,"1,079",377,"1,456",74.11
,裕農里,1387,199,470,292,961,5,966,0,966,353,"1,319",73.24
,富強里,1388,254,523,264,"1,041",7,"1,048",0,"1,048",341,"1,389",75.45
,富強里,1389,248,552,275,"1,075",10,"1,085",0,"1,085",390,"1,475",73.56
,富強里,1390,247,506,304,"1,057",10,"1,067",0,"1,067",345,"1,412",75.57
,富裕里,1391,165,387,209,761,7,768,0,768,273,"1,041",73.78
,富裕里,1392,169,388,213,770,1,771,0,771,299,"1,070",72.06
,崇明里,1393,224,373,380,977,9,986,0,986,309,"1,295",76.14
,崇明里,1394,200,362,311,873,5,878,0,878,297,"1,175",74.72
,崇明里,1395,199,444,324,967,4,971,0,971,379,"1,350",71.93
　仁德區,,,"11,644","24,021","12,600","48,265",341,"48,606",0,"48,606","16,970","65,576",74.12
,太子里,1396,226,601,176,"1,003",5,"1,008",0,"1,008",325,"1,333",75.62
,太子里,1397,261,544,225,"1,030",7,"1,037",0,"1,037",341,"1,378",75.25
,太子里,1398,211,613,191,"1,015",8,"1,023",0,"1,023",383,"1,406",72.76
,太子里,1399,198,502,200,900,6,906,0,906,312,"1,218",74.38
,土庫里,1400,253,690,218,"1,161",4,"1,165",0,"1,165",326,"1,491",78.14
,土庫里,1401,188,583,166,937,8,945,0,945,324,"1,269",74.47
,一甲里,1402,232,500,256,988,7,995,0,995,306,"1,301",76.48
,一甲里,1403,220,515,234,969,4,973,0,973,296,"1,269",76.67
,仁德里,1404,202,405,191,798,7,805,0,805,266,"1,071",75.16
,仁德里,1405,226,434,224,884,4,888,0,888,262,"1,150",77.22
,仁德里,1406,189,390,188,767,7,774,0,774,296,"1,070",72.34
,仁德里,1407,170,350,191,711,4,715,0,715,458,"1,173",60.95
,仁德里,1408,271,451,324,"1,046",9,"1,055",0,"1,055",372,"1,427",73.93
,仁德里,1409,371,468,270,"1,109",8,"1,117",0,"1,117",371,"1,488",75.07
,仁德里,1410,237,418,198,853,9,862,0,862,320,"1,182",72.93
,仁義里,1411,240,497,306,"1,043",5,"1,048",0,"1,048",333,"1,381",75.89
,仁義里,1412,240,494,224,958,6,964,0,964,322,"1,286",74.96
,仁義里,1413,278,524,361,"1,163",4,"1,167",0,"1,167",308,"1,475",79.12
,仁義里,1414,185,446,217,848,7,855,0,855,302,"1,157",73.90
,仁義里,1415,242,484,259,985,2,987,0,987,330,"1,317",74.94
,仁義里,1416,177,423,204,804,4,808,0,808,258,"1,066",75.80
,仁義里,1417,187,442,190,819,8,827,0,827,320,"1,147",72.10
,新田里,1418,209,482,201,892,5,897,0,897,314,"1,211",74.07
,新田里,1419,182,378,182,742,5,747,0,747,188,935,79.89
,新田里,1420,229,396,223,848,6,854,0,854,321,"1,175",72.68
,後壁里,1421,277,579,217,"1,073",7,"1,080",0,"1,080",345,"1,425",75.79
,後壁里,1422,261,598,249,"1,108",5,"1,113",0,"1,113",378,"1,491",74.65
,後壁里,1423,272,526,218,"1,016",7,"1,023",0,"1,023",359,"1,382",74.02
,後壁里,1424,196,502,215,913,7,920,0,920,372,"1,292",71.21
,後壁里,1425,231,439,191,861,5,866,0,866,396,"1,262",68.62
,後壁里,1426,217,288,158,663,8,671,0,671,246,917,73.17
,後壁里,1427,219,375,217,811,4,815,0,815,293,"1,108",73.56
,後壁里,1428,104,187,96,387,0,387,0,387,140,527,73.43
,上崙里,1429,172,290,137,599,7,606,0,606,228,834,72.66
,上崙里,1430,121,298,121,540,1,541,0,541,188,729,74.21
,上崙里,1431,280,526,268,"1,074",11,"1,085",0,"1,085",327,"1,412",76.84
,上崙里,1432,148,276,136,560,0,560,0,560,184,744,75.27
,上崙里,1433,180,400,135,715,6,721,0,721,257,978,73.72
,上崙里,1434,244,476,211,931,5,936,0,936,304,"1,240",75.48
,文賢里,1435,226,431,244,901,8,909,0,909,282,"1,191",76.32
,文賢里,1436,175,384,175,734,4,738,0,738,221,959,76.96
,保安里,1437,246,517,250,"1,013",7,"1,020",0,"1,020",360,"1,380",73.91
,保安里,1438,202,479,236,917,5,922,0,922,352,"1,274",72.37
,成功里,1439,237,411,355,"1,003",11,"1,014",0,"1,014",391,"1,405",72.17
,成功里,1440,210,397,342,949,7,956,0,956,342,"1,298",73.65
,成功里,1441,237,366,420,"1,023",7,"1,030",0,"1,030",436,"1,466",70.26
,成功里,1442,98,231,161,490,6,496,0,496,160,656,75.61
,仁和里,1443,257,159,637,"1,053",10,"1,063",0,"1,063",377,"1,440",73.82
,仁愛里,1444,206,292,316,814,4,818,0,818,308,"1,126",72.65
,二行里,1445,176,378,231,785,8,793,0,793,321,"1,114",71.18
,二行里,1446,146,348,168,662,7,669,0,669,234,903,74.09
,大甲里,1447,130,368,177,675,8,683,0,683,227,910,75.05
,大甲里,1448,189,473,227,889,7,896,0,896,319,"1,215",73.74
,中洲里,1449,170,473,195,838,9,847,0,847,296,"1,143",74.10
,中洲里,1450,193,524,278,995,11,"1,006",0,"1,006",373,"1,379",72.95
　歸仁區,,,"9,988","22,495","9,781","42,264",314,"42,578",1,"42,579","14,608","57,187",74.45
,南保里,1451,202,475,214,891,10,901,0,901,284,"1,185",76.03
,南保里,1452,227,432,206,865,9,874,0,874,257,"1,131",77.28
,南保里,1453,170,395,161,726,7,733,0,733,248,981,74.72
,南保里,1454,202,448,230,880,4,884,0,884,278,"1,162",76.08
,南保里,1455,216,521,184,921,3,924,0,924,360,"1,284",71.96
,南興里,1456,234,544,239,"1,017",9,"1,026",0,"1,026",324,"1,350",76.00
,南興里,1457,166,308,170,644,6,650,0,650,188,838,77.57
,南興里,1458,139,322,169,630,4,634,0,634,199,833,76.11
,南興里,1459,227,402,188,817,1,818,0,818,270,"1,088",75.18
,六甲里,1460,157,353,151,661,12,673,0,673,292,965,69.74
,六甲里,1461,126,306,102,534,5,539,0,539,419,958,56.26
,六甲里,1462,194,426,160,780,9,789,0,789,275,"1,064",74.15
,六甲里,1463,172,368,156,696,5,701,0,701,236,937,74.81
,歸南里,1464,176,440,206,822,12,834,0,834,271,"1,105",75.48
,歸南里,1465,194,458,193,845,3,848,0,848,279,"1,127",75.24
,後市里,1466,168,375,218,761,5,766,0,766,250,"1,016",75.39
,後市里,1467,149,425,188,762,3,765,0,765,295,"1,060",72.17
,後市里,1468,190,400,172,762,1,763,0,763,280,"1,043",73.15
,文化里,1469,165,378,158,701,3,704,0,704,225,929,75.78
,文化里,1470,146,313,184,643,4,647,0,647,212,859,75.32
,文化里,1471,161,392,185,738,3,741,0,741,272,"1,013",73.15
,辜厝里,1472,196,356,206,758,6,764,0,764,253,"1,017",75.12
,辜厝里,1473,172,434,217,823,3,826,0,826,279,"1,105",74.75
,辜厝里,1474,157,416,201,774,9,783,0,783,267,"1,050",74.57
,新厝里,1475,129,318,141,588,8,596,0,596,227,823,72.42
,新厝里,1476,165,420,154,739,6,745,0,745,243,988,75.40
,新厝里,1477,116,248,76,440,5,445,0,445,138,583,76.33
,許厝里,1478,203,429,207,839,2,841,0,841,280,"1,121",75.02
,許厝里,1479,170,394,170,734,11,745,0,745,243,988,75.40
,許厝里,1480,255,429,185,869,3,872,0,872,252,"1,124",77.58
,看西里,1481,163,471,190,824,4,828,0,828,267,"1,095",75.62
,看西里,1482,221,404,188,813,6,819,0,819,276,"1,095",74.79
,看東里,1483,193,407,173,773,6,779,0,779,227,"1,006",77.44
,看東里,1484,134,281,153,568,1,569,0,569,224,793,71.75
,崙頂里,1485,195,459,167,821,5,826,0,826,229,"1,055",78.29
,崙頂里,1486,166,347,158,671,7,678,0,678,217,895,75.75
,崙頂里,1487,199,452,191,842,7,849,0,849,218,"1,067",79.57
,沙崙里,1488,143,312,143,598,5,603,0,603,217,820,73.54
,大潭里,1489,185,393,149,727,6,733,0,733,256,989,74.12
,大潭里,1490,140,361,126,627,9,636,0,636,227,863,73.70
,武東里,1491,190,451,198,839,8,847,0,847,273,"1,120",75.63
,武東里,1492,96,217,81,394,5,399,0,399,384,783,50.96
,歸仁里,1493,218,440,258,916,5,921,0,921,293,"1,214",75.86
,歸仁里,1494,163,378,187,728,2,730,0,730,278,"1,008",72.42
,八甲里,1495,147,332,155,634,4,638,0,638,194,832,76.68
,八甲里,1496,152,336,155,643,7,650,0,650,257,907,71.66
,八甲里,1497,138,399,166,703,5,708,0,708,260,968,73.14
,七甲里,1498,145,260,120,525,2,527,0,527,193,720,73.19
,七甲里,1499,214,387,149,750,6,756,0,756,271,"1,027",73.61
,七甲里,1500,137,386,116,639,0,639,0,639,186,825,77.45
,七甲里,1501,149,308,133,590,3,593,0,593,202,795,74.59
,媽廟里,1502,123,384,155,662,5,667,0,667,229,896,74.44
,媽廟里,1503,138,465,128,731,2,733,0,733,249,982,74.64
,西埔里,1504,169,408,141,718,5,723,0,723,192,915,79.02
,西埔里,1505,122,299,115,536,6,542,0,542,158,700,77.43
,大廟里,1506,231,409,143,783,3,786,0,786,249,"1,035",75.94
,大廟里,1507,159,443,132,734,11,745,0,745,199,944,78.92
,大廟里,1508,214,381,220,815,8,823,1,824,287,"1,111",74.08
　關廟區,,,"4,534","11,619","5,144","21,297",170,"21,467",0,"21,467","7,639","29,106",73.75
,關廟里,1509,164,349,158,671,7,678,0,678,246,924,73.38
,關廟里,1510,224,505,246,975,6,981,0,981,322,"1,303",75.29
,山西里,1511,144,350,184,678,3,681,0,681,241,922,73.86
,山西里,1512,178,483,150,811,4,815,0,815,259,"1,074",75.88
,香洋里,1513,129,352,191,672,12,684,0,684,232,916,74.67
,香洋里,1514,159,348,198,705,2,707,0,707,215,922,76.68
,香洋里,1515,171,485,227,883,7,890,0,890,323,"1,213",73.37
,北勢里,1516,179,503,217,899,9,908,0,908,354,"1,262",71.95
,北勢里,1517,196,467,204,867,8,875,0,875,307,"1,182",74.03
,新埔里,1518,165,383,167,715,9,724,0,724,295,"1,019",71.05
,新光里,1519,65,267,105,437,3,440,0,440,204,644,68.32
,五甲里,1520,175,412,243,830,6,836,0,836,297,"1,133",73.79
,五甲里,1521,180,425,199,804,5,809,0,809,231,"1,040",77.79
,五甲里,1522,175,337,192,704,6,710,0,710,265,975,72.82
,東勢里,1523,172,420,165,757,12,769,0,769,279,"1,048",73.38
,東勢里,1524,188,324,184,696,6,702,0,702,264,966,72.67
,東勢里,1525,142,401,171,714,2,716,0,716,269,985,72.69
,松腳里,1526,153,370,154,677,9,686,0,686,260,946,72.52
,松腳里,1527,140,432,162,734,3,737,0,737,215,952,77.42
,花園里,1528,122,296,113,531,3,534,0,534,198,732,72.95
,花園里,1529,96,243,116,455,2,457,0,457,123,580,78.79
,花園里,1530,148,370,168,686,8,694,0,694,243,937,74.07
,花園里,1531,183,453,173,809,7,816,0,816,326,"1,142",71.45
,深坑里,1532,99,325,134,558,1,559,0,559,174,733,76.26
,深坑里,1533,104,259,133,496,6,502,0,502,170,672,74.70
,布袋里,1534,107,325,130,562,3,565,0,565,234,799,70.71
,布袋里,1535,25,157,45,227,3,230,0,230,104,334,68.86
,龜洞里,1536,92,346,104,542,4,546,0,546,197,743,73.49
,龜洞里,1537,89,280,141,510,5,515,0,515,175,690,74.64
,埤頭里,1538,156,337,128,621,2,623,0,623,234,857,72.70
,埤頭里,1539,160,418,156,734,5,739,0,739,289,"1,028",71.89
,下湖里,1540,54,197,86,337,2,339,0,339,94,433,78.29
　龍崎區,,,363,"1,243",749,"2,355",21,"2,376",0,"2,376",950,"3,326",71.44
,崎頂里,1541,107,350,181,638,7,645,0,645,285,930,69.35
,土崎里,1542,55,225,110,390,5,395,0,395,179,574,68.82
,中坑里,1543,11,62,22,95,0,95,0,95,42,137,69.34
,楠坑里,1544,49,134,93,276,2,278,0,278,92,370,75.14
,大坪里,1545,21,85,78,184,2,186,0,186,73,259,71.81
,石𥕢里,1546,54,135,85,274,2,276,0,276,127,403,68.49
,龍船里,1547,45,128,122,295,2,297,0,297,91,388,76.55
,牛埔里,1548,21,124,58,203,1,204,0,204,61,265,76.98
