第16任總統副總統選舉候選人在宜蘭縣各投開票所得票數一覽表,,,,,,,,,,,,,
鄉(鎮、市、區)別,村里別,投開票所別,各組候選人得票情形,,,"有效票數A
A=1+2+...+N",無效票數B,"投票數C
C=A+B","已領未投票數
D
D=E-C","發出票數E
E=C+D",用餘票數F,"選舉人數G
G=E+F","投票率H
H=C÷G"
,,,"(1)
柯文哲
吳欣盈","(2)
賴清德
蕭美琴","(3)
侯友宜
趙少康",,,,,,,,
,,,,,,,,,,,,,
,,,,,,,,,,,,,
總　計,,,"70,171","119,517","77,441","267,129","1,925","269,054",4,"269,058","109,968","379,026",70.99
　宜蘭市,,,"15,039","22,647","17,796","55,482",321,"55,803",0,"55,803","21,648","77,451",72.05
,民族里,0001,170,313,264,747,6,753,0,753,304,"1,057",71.24
,民族里,0002,159,245,300,704,3,707,0,707,255,962,73.49
,建軍里,0003,128,235,216,579,3,582,0,582,239,821,70.89
,建軍里,0004,160,207,152,519,2,521,0,521,197,718,72.56
,泰山里,0005,194,239,231,664,3,667,0,667,307,974,68.48
,泰山里,0006,167,218,213,598,3,601,0,601,283,884,67.99
,負郭里,0007,181,274,200,655,5,660,0,660,234,894,73.83
,負郭里,0008,160,316,229,705,4,709,0,709,256,965,73.47
,負郭里,0009,169,272,227,668,6,674,0,674,277,951,70.87
,思源里,0010,250,331,323,904,3,907,0,907,257,"1,164",77.92
,思源里,0011,218,238,252,708,2,710,0,710,264,974,72.90
,思源里,0012,209,255,299,763,7,770,0,770,279,"1,049",73.40
,思源里,0013,212,323,272,807,1,808,0,808,287,"1,095",73.79
,七結里,0014,278,312,386,976,5,981,0,981,367,"1,348",72.77
,七結里,0015,269,397,310,976,11,987,0,987,302,"1,289",76.57
,文化里,0016,152,247,185,584,5,589,0,589,258,847,69.54
,文化里,0017,156,237,235,628,6,634,0,634,275,909,69.75
,文化里,0018,229,315,267,811,6,817,0,817,284,"1,101",74.21
,復興里,0019,137,163,316,616,3,619,0,619,221,840,73.69
,復興里,0020,130,192,196,518,5,523,0,523,216,739,70.77
,復興里,0021,150,277,202,629,3,632,0,632,275,907,69.68
,民權里,0022,135,198,215,548,0,548,0,548,514,"1,062",51.60
,民權里,0023,107,180,210,497,4,501,0,501,208,709,70.66
,神農里,0024,93,176,172,441,1,442,0,442,153,595,74.29
,神農里,0025,140,259,229,628,2,630,0,630,272,902,69.84
,神農里,0026,162,224,236,622,4,626,0,626,265,891,70.26
,大新里,0027,139,236,157,532,2,534,0,534,200,734,72.75
,新民里,0028,100,216,153,469,3,472,0,472,177,649,72.73
,新民里,0029,114,274,134,522,3,525,0,525,219,744,70.56
,進士里,0030,239,353,311,903,2,905,0,905,257,"1,162",77.88
,進士里,0031,192,257,227,676,6,682,0,682,251,933,73.10
,南橋里,0032,229,406,276,911,6,917,0,917,340,"1,257",72.95
,凱旋里,0033,306,426,231,963,4,967,0,967,380,"1,347",71.79
,南津里,0034,206,310,270,786,5,791,0,791,251,"1,042",75.91
,南津里,0035,232,270,347,849,8,857,0,857,303,"1,160",73.88
,建業里,0036,278,395,312,985,4,989,0,989,337,"1,326",74.59
,建業里,0037,172,292,177,641,5,646,0,646,192,838,77.09
,擺厘里,0038,188,294,237,719,5,724,0,724,267,991,73.06
,擺厘里,0039,164,249,232,645,2,647,0,647,242,889,72.78
,擺厘里,0040,168,273,221,662,2,664,0,664,272,936,70.94
,延平里,0041,209,315,244,768,7,775,0,775,313,"1,088",71.23
,延平里,0042,253,285,243,781,2,783,0,783,309,"1,092",71.70
,延平里,0043,227,283,265,775,2,777,0,777,274,"1,051",73.93
,成功里,0044,154,263,129,546,5,551,0,551,223,774,71.19
,成功里,0045,232,247,323,802,9,811,0,811,299,"1,110",73.06
,成功里,0046,253,301,242,796,12,808,0,808,291,"1,099",73.52
,東村里,0047,214,293,267,774,3,777,0,777,245,"1,022",76.03
,東村里,0048,219,351,221,791,5,796,0,796,279,"1,075",74.05
,新東里,0049,227,317,256,800,3,803,0,803,304,"1,107",72.54
,新東里,0050,218,249,221,688,5,693,0,693,222,915,75.74
,新東里,0051,195,261,190,646,3,649,0,649,326,975,66.56
,黎明里,0052,193,311,185,689,4,693,0,693,219,912,75.99
,黎明里,0053,191,296,184,671,3,674,0,674,244,918,73.42
,七張里,0054,159,287,118,564,2,566,0,566,190,756,74.87
,七張里,0055,126,202,137,465,2,467,0,467,207,674,69.29
,孝廉里,0056,178,358,214,750,6,756,0,756,320,"1,076",70.26
,東門里,0057,134,327,173,634,4,638,0,638,253,891,71.60
,小東里,0058,122,216,186,524,2,526,0,526,225,751,70.04
,小東里,0059,153,248,174,575,2,577,0,577,187,764,75.52
,菜園里,0060,233,372,310,915,9,924,0,924,345,"1,269",72.81
,慈安里,0061,175,186,183,544,1,545,0,545,317,862,63.23
,慈安里,0062,165,238,203,606,3,609,0,609,289,898,67.82
,中興里,0063,235,310,279,824,2,826,0,826,366,"1,192",69.30
,中興里,0064,135,206,189,530,4,534,0,534,228,762,70.08
,中興里,0065,175,219,164,558,6,564,0,564,221,785,71.85
,新生里,0066,163,299,148,610,6,616,0,616,252,868,70.97
,新生里,0067,149,279,120,548,6,554,0,554,256,810,68.40
,新生里,0068,291,328,236,855,0,855,0,855,282,"1,137",75.20
,茭白里,0069,227,314,250,791,5,796,0,796,336,"1,132",70.32
,茭白里,0070,205,319,166,690,3,693,0,693,258,951,72.87
,北津里,0071,245,312,205,762,5,767,0,767,325,"1,092",70.24
,北津里,0072,184,387,206,777,3,780,0,780,279,"1,059",73.65
,梅洲里,0073,185,281,196,662,3,665,0,665,261,926,71.81
,梅洲里,0074,256,358,217,831,6,837,0,837,337,"1,174",71.29
,梅洲里,0075,196,356,165,717,4,721,0,721,269,990,72.83
,南門里,0076,109,161,118,388,1,389,0,389,171,560,69.46
,南門里,0077,131,234,130,495,0,495,0,495,174,669,73.99
,中山里,0078,151,249,190,590,3,593,0,593,261,854,69.44
,西門里,0079,161,268,160,589,3,592,0,592,210,802,73.82
,西門里,0080,167,320,155,642,2,644,0,644,252,896,71.88
,北門里,0081,202,347,212,761,5,766,0,766,292,"1,058",72.40
　羅東鎮,,,"10,649","18,236","11,352","40,237",267,"40,504",1,"40,505","15,078","55,583",72.87
,開明里,0082,115,244,133,492,1,493,0,493,140,633,77.88
,開明里,0083,124,211,116,451,2,453,0,453,210,663,68.33
,大新里,0084,295,481,290,"1,066",5,"1,071",0,"1,071",458,"1,529",70.05
,東安里,0085,290,531,222,"1,043",10,"1,053",0,"1,053",386,"1,439",73.18
,東安里,0086,215,321,232,768,6,774,0,774,320,"1,094",70.75
,東安里,0087,179,268,170,617,5,622,0,622,288,910,68.35
,新群里,0088,150,289,105,544,3,547,0,547,208,755,72.45
,新群里,0089,175,281,160,616,8,624,0,624,214,838,74.46
,新群里,0090,219,364,207,790,4,794,0,794,320,"1,114",71.27
,羅莊里,0091,269,410,252,931,3,934,0,934,325,"1,259",74.19
,羅莊里,0092,156,255,177,588,4,592,0,592,224,816,72.55
,羅莊里,0093,206,258,165,629,2,631,0,631,268,899,70.19
,南昌里,0094,309,414,265,988,7,995,0,995,442,"1,437",69.24
,南昌里,0095,161,298,202,661,10,671,0,671,227,898,74.72
,南豪里,0096,215,423,258,896,6,902,0,902,338,"1,240",72.74
,成功里,0097,256,509,318,"1,083",3,"1,086",0,"1,086",350,"1,436",75.63
,仁德里,0098,168,356,239,763,6,769,0,769,343,"1,112",69.15
,仁和里,0099,161,309,194,664,4,668,0,668,295,963,69.37
,中山里,0100,204,506,242,952,10,962,0,962,332,"1,294",74.34
,漢民里,0101,190,329,196,715,6,721,0,721,264,985,73.20
,漢民里,0102,262,359,304,925,5,930,0,930,340,"1,270",73.23
,漢民里,0103,237,382,231,850,6,856,0,856,341,"1,197",71.51
,維揚里,0104,204,316,234,754,6,760,0,760,282,"1,042",72.94
,維揚里,0105,173,316,224,713,2,715,0,715,212,927,77.13
,維揚里,0106,181,331,191,703,8,711,0,711,228,939,75.72
,西安里,0107,250,494,273,"1,017",7,"1,024",0,"1,024",369,"1,393",73.51
,西安里,0108,269,417,285,971,3,974,0,974,365,"1,339",72.74
,北成里,0109,191,374,167,732,4,736,0,736,279,"1,015",72.51
,北成里,0110,187,248,182,617,3,620,0,620,204,824,75.24
,北成里,0111,192,228,142,562,3,565,0,565,238,803,70.36
,國華里,0112,215,338,191,744,3,747,0,747,318,"1,065",70.14
,國華里,0113,231,385,245,861,4,865,0,865,268,"1,133",76.35
,國華里,0114,257,311,237,805,5,810,0,810,260,"1,070",75.70
,國華里,0115,164,310,182,656,6,662,0,662,240,902,73.39
,賢文里,0116,258,406,313,977,6,983,0,983,396,"1,379",71.28
,賢文里,0117,188,331,254,773,4,777,0,777,276,"1,053",73.79
,賢文里,0118,157,288,223,668,2,670,0,670,288,958,69.94
,公正里,0119,221,445,286,952,5,957,0,957,336,"1,293",74.01
,公正里,0120,223,429,243,895,7,902,0,902,321,"1,223",73.75
,集祥里,0121,146,284,185,615,5,620,0,620,462,"1,082",57.30
,信義里,0122,192,337,213,742,9,751,0,751,241,992,75.71
,信義里,0123,196,344,218,758,8,766,0,766,268,"1,034",74.08
,信義里,0124,152,262,162,576,4,580,0,580,208,788,73.60
,樹林里,0125,238,459,367,"1,064",6,"1,070",0,"1,070",280,"1,350",79.26
,樹林里,0126,181,264,196,641,6,647,0,647,181,828,78.14
,樹林里,0127,241,347,238,826,6,832,0,832,263,"1,095",75.98
,竹林里,0128,177,321,162,660,7,667,0,667,270,937,71.18
,竹林里,0129,177,323,173,673,6,679,0,679,239,918,73.97
,竹林里,0130,168,307,187,662,2,664,0,664,248,912,72.81
,仁愛里,0131,259,469,263,991,3,994,0,994,352,"1,346",73.85
,仁愛里,0132,186,354,198,738,2,740,1,741,263,"1,004",73.71
,仁愛里,0133,219,400,240,859,9,868,0,868,290,"1,158",74.96
　蘇澳鎮,,,"5,491","10,223","6,463","22,177",168,"22,345",0,"22,345","10,310","32,655",68.43
,龍德里,0134,202,275,152,629,4,633,0,633,300,933,67.85
,龍德里,0135,127,268,148,543,5,548,0,548,231,779,70.35
,龍德里,0136,138,259,155,552,4,556,0,556,196,752,73.94
,龍德里,0137,152,300,149,601,3,604,0,604,221,825,73.21
,頂寮里,0138,235,332,147,714,2,716,0,716,286,"1,002",71.46
,永榮里,0139,231,304,183,718,8,726,0,726,350,"1,076",67.47
,永榮里,0140,192,348,193,733,3,736,0,736,253,989,74.42
,永榮里,0141,163,288,152,603,5,608,0,608,257,865,70.29
,永榮里,0142,122,266,129,517,5,522,0,522,225,747,69.88
,存仁里,0143,89,181,104,374,6,380,0,380,147,527,72.11
,存仁里,0144,36,129,41,206,3,209,0,209,75,284,73.59
,港邊里,0145,101,277,149,527,6,533,0,533,235,768,69.40
,港邊里,0146,78,133,61,272,3,275,0,275,111,386,71.24
,隘丁里,0147,228,342,188,758,5,763,0,763,301,"1,064",71.71
,隘丁里,0148,237,328,194,759,5,764,0,764,293,"1,057",72.28
,隘丁里,0149,180,301,195,676,5,681,0,681,285,966,70.50
,新城里,0150,208,289,165,662,2,664,0,664,255,919,72.25
,新城里,0151,95,187,115,397,1,398,0,398,167,565,70.44
,聖愛里,0152,90,229,158,477,2,479,0,479,241,720,66.53
,聖愛里,0153,147,217,174,538,5,543,0,543,265,808,67.20
,聖愛里,0154,185,311,191,687,4,691,0,691,373,"1,064",64.94
,聖湖里,0155,85,136,147,368,0,368,0,368,158,526,69.96
,聖湖里,0156,133,206,219,558,5,563,0,563,265,828,68.00
,聖湖里,0157,128,223,205,556,5,561,0,561,234,795,70.57
,蘇西里,0158,139,220,199,558,4,562,0,562,251,813,69.13
,蘇西里,0159,84,145,137,366,3,369,0,369,236,605,60.99
,蘇西里,0160,141,259,158,558,2,560,0,560,226,786,71.25
,蘇北里,0161,146,242,237,625,3,628,0,628,291,919,68.34
,蘇南里,0162,64,138,91,293,2,295,0,295,130,425,69.41
,蘇東里,0163,78,125,99,302,0,302,0,302,190,492,61.38
,長安里,0164,82,163,118,363,4,367,0,367,125,492,74.59
,永光里,0165,68,109,98,275,2,277,0,277,115,392,70.66
,永春里,0166,72,157,103,332,5,337,0,337,184,521,64.68
,永樂里,0167,70,126,92,288,5,293,0,293,132,425,68.94
,南安里,0168,130,283,196,609,5,614,0,614,232,846,72.58
,南正里,0169,108,288,152,548,4,552,0,552,288,840,65.71
,南成里,0170,55,149,84,288,1,289,0,289,178,467,61.88
,南成里,0171,65,172,77,314,2,316,0,316,213,529,59.74
,南興里,0172,88,195,165,448,5,453,0,453,214,667,67.92
,南興里,0173,105,167,105,377,2,379,0,379,256,635,59.69
,南寧里,0174,118,283,185,586,8,594,0,594,324,918,64.71
,南建里,0175,75,171,120,366,3,369,0,369,218,587,62.86
,南建里,0176,74,183,55,312,5,317,0,317,184,501,63.27
,東澳里,0177,34,90,76,200,1,201,0,201,110,311,64.63
,南強里,0178,69,220,121,410,2,412,0,412,268,680,60.59
,朝陽里,0179,12,66,32,110,1,111,0,111,86,197,56.35
,朝陽里,0180,32,143,49,224,3,227,0,227,135,362,62.71
　頭城鎮,,,"4,503","6,268","5,596","16,367",128,"16,495",1,"16,496","7,937","24,433",67.51
,石城里,0181,38,87,58,183,2,185,0,185,115,300,61.67
,大里里,0182,114,137,141,392,3,395,0,395,270,665,59.40
,龜山里,0183,161,110,160,431,5,436,0,436,241,677,64.40
,大溪里,0184,146,227,149,522,5,527,0,527,332,859,61.35
,合興里,0185,48,68,80,196,3,199,0,199,142,341,58.36
,更新里,0186,94,136,141,371,3,374,0,374,233,607,61.61
,更新里,0187,112,177,151,440,0,440,0,440,258,698,63.04
,外澳里,0188,135,208,170,513,3,516,0,516,321,837,61.65
,港口里,0189,107,211,141,459,3,462,0,462,230,692,66.76
,武營里,0190,172,204,193,569,5,574,0,574,273,847,67.77
,武營里,0191,152,173,189,514,3,517,0,517,191,708,73.02
,大坑里,0192,150,198,182,530,6,536,0,536,252,788,68.02
,大坑里,0193,95,143,128,366,3,369,0,369,165,534,69.10
,城東里,0194,106,192,218,516,5,521,0,521,156,677,76.96
,城北里,0195,92,113,134,339,3,342,0,342,122,464,73.71
,城西里,0196,94,128,138,360,1,361,0,361,127,488,73.98
,城南里,0197,113,164,162,439,4,443,0,443,170,613,72.27
,竹安里,0198,156,318,170,644,4,648,0,648,373,"1,021",63.47
,竹安里,0199,187,200,273,660,3,663,0,663,344,"1,007",65.84
,新建里,0200,155,246,174,575,6,581,0,581,297,878,66.17
,新建里,0201,208,286,287,781,6,787,0,787,349,"1,136",69.28
,拔雅里,0202,208,233,199,640,7,647,0,647,271,918,70.48
,拔雅里,0203,251,307,268,826,8,834,1,835,377,"1,212",68.81
,福成里,0204,189,261,179,629,2,631,0,631,268,899,70.19
,金面里,0205,202,222,275,699,5,704,0,704,339,"1,043",67.50
,金面里,0206,122,185,128,435,2,437,0,437,234,671,65.13
,金盈里,0207,134,153,171,458,1,459,0,459,210,669,68.61
,頂埔里,0208,111,177,129,417,1,418,0,418,147,565,73.98
,頂埔里,0209,137,188,187,512,3,515,0,515,211,726,70.94
,下埔里,0210,159,233,190,582,7,589,0,589,291,880,66.93
,中崙里,0211,172,269,207,648,3,651,0,651,323,974,66.84
,二城里,0212,183,314,224,721,13,734,0,734,305,"1,039",70.64
　礁溪鄉,,,"5,463","9,922","6,041","21,426",192,"21,618",2,"21,620","8,800","30,420",71.07
,白雲村,0213,180,324,222,726,8,734,1,735,302,"1,037",70.78
,白雲村,0214,94,141,122,357,1,358,0,358,147,505,70.89
,玉石村,0215,128,317,216,661,7,668,0,668,345,"1,013",65.94
,玉石村,0216,169,276,248,693,5,698,0,698,303,"1,001",69.73
,德陽村,0217,158,250,237,645,6,651,0,651,291,942,69.11
,德陽村,0218,169,256,217,642,1,643,0,643,336,979,65.68
,德陽村,0219,176,262,267,705,5,710,1,711,333,"1,044",68.01
,德陽村,0220,217,280,247,744,6,750,0,750,306,"1,056",71.02
,大忠村,0221,146,191,178,515,4,519,0,519,256,775,66.97
,大忠村,0222,141,256,201,598,8,606,0,606,268,874,69.34
,大忠村,0223,125,218,208,551,7,558,0,558,285,843,66.19
,大義村,0224,104,188,121,413,3,416,0,416,168,584,71.23
,六結村,0225,106,159,154,419,5,424,0,424,121,545,77.80
,六結村,0226,140,214,183,537,2,539,0,539,196,735,73.33
,二龍村,0227,217,378,211,806,12,818,0,818,321,"1,139",71.82
,時潮村,0228,156,300,145,601,8,609,0,609,225,834,73.02
,時潮村,0229,95,219,76,390,6,396,0,396,167,563,70.34
,玉田村,0230,119,355,141,615,8,623,0,623,258,881,70.72
,玉田村,0231,240,455,167,862,5,867,0,867,301,"1,168",74.23
,三民村,0232,141,284,161,586,3,589,0,589,246,835,70.54
,三民村,0233,108,194,126,428,3,431,0,431,187,618,69.74
,三民村,0234,141,292,194,627,7,634,0,634,295,929,68.25
,林美村,0235,187,353,194,734,7,741,0,741,342,"1,083",68.42
,白鵝村,0236,140,269,151,560,6,566,0,566,244,810,69.88
,玉光村,0237,188,390,206,784,4,788,0,788,268,"1,056",74.62
,光武村,0238,117,238,97,452,2,454,0,454,155,609,74.55
,光武村,0239,170,273,128,571,13,584,0,584,223,807,72.37
,吳沙村,0240,193,281,177,651,3,654,0,654,237,891,73.40
,吳沙村,0241,139,313,147,599,3,602,0,602,214,816,73.77
,吳沙村,0242,147,297,141,585,3,588,0,588,205,793,74.15
,龍潭村,0243,220,383,182,785,3,788,0,788,262,"1,050",75.05
,龍潭村,0244,226,457,197,880,9,889,0,889,317,"1,206",73.71
,龍潭村,0245,237,403,162,802,7,809,0,809,292,"1,101",73.48
,匏崙村,0246,151,291,165,607,8,615,0,615,276,891,69.02
,二結村,0247,78,165,52,295,4,299,0,299,108,407,73.46
　壯圍鄉,,,"3,846","7,111","3,901","14,858",125,"14,983",0,"14,983","6,434","21,417",69.96
,吉祥村,0248,217,278,195,690,2,692,0,692,243,935,74.01
,吉祥村,0249,166,248,148,562,6,568,0,568,205,773,73.48
,吉祥村,0250,166,315,181,662,3,665,0,665,263,928,71.66
,古結村,0251,258,352,212,822,12,834,0,834,304,"1,138",73.29
,美福村,0252,173,281,164,618,7,625,0,625,295,920,67.93
,美福村,0253,168,332,214,714,7,721,0,721,269,990,72.83
,新南村,0254,168,297,163,628,5,633,0,633,264,897,70.57
,東港村,0255,132,301,161,594,2,596,0,596,343,939,63.47
,復興村,0256,131,273,133,537,8,545,0,545,231,776,70.23
,復興村,0257,158,268,128,554,10,564,0,564,248,812,69.46
,過嶺村,0258,93,282,104,479,4,483,0,483,221,704,68.61
,過嶺村,0259,95,225,122,442,3,445,0,445,265,710,62.68
,永鎮村,0260,125,288,125,538,2,540,0,540,233,773,69.86
,忠孝村,0261,154,278,156,588,2,590,0,590,284,874,67.51
,忠孝村,0262,137,245,130,512,4,516,0,516,203,719,71.77
,忠孝村,0263,128,279,120,527,7,534,0,534,201,735,72.65
,古亭村,0264,121,252,110,483,4,487,0,487,222,709,68.69
,古亭村,0265,158,283,159,600,0,600,0,600,260,860,69.77
,功勞村,0266,229,445,226,900,8,908,0,908,340,"1,248",72.76
,美城村,0267,253,354,210,817,7,824,0,824,307,"1,131",72.86
,美城村,0268,199,384,240,823,8,831,0,831,305,"1,136",73.15
,新社村,0269,163,337,203,703,5,708,0,708,331,"1,039",68.14
,大福村,0270,139,246,163,548,7,555,0,555,336,891,62.29
,大福村,0271,115,268,134,517,2,519,0,519,261,780,66.54
　員山鄉,,,"5,164","9,522","5,109","19,795",166,"19,961",0,"19,961","8,123","28,084",71.08
,員山村,0272,293,406,332,"1,031",6,"1,037",0,"1,037",387,"1,424",72.82
,員山村,0273,182,284,173,639,8,647,0,647,285,932,69.42
,員山村,0274,262,402,219,883,5,888,0,888,374,"1,262",70.36
,員山村,0275,221,323,245,789,6,795,0,795,378,"1,173",67.77
,員山村,0276,201,360,260,821,5,826,0,826,283,"1,109",74.48
,尚德村,0277,169,381,179,729,4,733,0,733,275,"1,008",72.72
,尚德村,0278,233,363,223,819,8,827,0,827,360,"1,187",69.67
,惠好村,0279,195,349,152,696,4,700,0,700,210,910,76.92
,惠好村,0280,138,281,161,580,6,586,0,586,204,790,74.18
,七賢村,0281,149,227,157,533,3,536,0,536,191,727,73.73
,七賢村,0282,183,239,158,580,6,586,0,586,190,776,75.52
,深溝村,0283,239,377,184,800,3,803,0,803,263,"1,066",75.33
,深溝村,0284,192,319,155,666,6,672,0,672,273,945,71.11
,蓁巷村,0285,228,439,178,845,10,855,0,855,376,"1,231",69.46
,內城村,0286,114,146,142,402,4,406,0,406,162,568,71.48
,內城村,0287,133,228,179,540,3,543,0,543,293,836,64.95
,中華村,0288,32,155,57,244,3,247,0,247,118,365,67.67
,中華村,0289,23,56,51,130,2,132,0,132,73,205,64.39
,永和村,0290,155,285,155,595,2,597,0,597,295,892,66.93
,永和村,0291,162,327,131,620,7,627,0,627,243,870,72.07
,頭分村,0292,119,200,122,441,2,443,0,443,153,596,74.33
,頭分村,0293,151,207,126,484,6,490,0,490,189,679,72.16
,枕山村,0294,154,298,106,558,6,564,0,564,189,753,74.90
,枕山村,0295,156,349,137,642,4,646,0,646,267,913,70.76
,枕山村,0296,78,229,73,380,3,383,0,383,169,552,69.38
,同樂村,0297,133,293,151,577,5,582,0,582,246,828,70.29
,同樂村,0298,119,277,98,494,4,498,0,498,214,712,69.94
,同樂村,0299,155,267,140,562,4,566,0,566,275,841,67.30
,湖東村,0300,140,286,153,579,7,586,0,586,256,842,69.60
,逸仙村,0301,150,337,144,631,8,639,0,639,243,882,72.45
,湖北村,0302,134,343,172,649,6,655,0,655,284,939,69.76
,湖西村,0303,80,255,76,411,7,418,0,418,186,604,69.21
,湖西村,0304,91,234,120,445,3,448,0,448,219,667,67.17
　冬山鄉,,,"8,726","16,170","7,690","32,586",251,"32,837",0,"32,837","12,322","45,159",72.71
,珍珠村,0305,143,291,124,558,8,566,0,566,207,773,73.22
,珍珠村,0306,159,312,148,619,4,623,0,623,174,797,78.17
,補城村,0307,237,419,181,837,3,840,0,840,300,"1,140",73.68
,三奇村,0308,209,305,130,644,3,647,0,647,261,908,71.26
,大興村,0309,156,325,117,598,1,599,0,599,256,855,70.06
,東城村,0310,122,252,124,498,1,499,0,499,183,682,73.17
,東城村,0311,112,258,101,471,5,476,0,476,197,673,70.73
,香和村,0312,177,379,147,703,7,710,0,710,227,937,75.77
,香和村,0313,236,324,153,713,5,718,0,718,254,972,73.87
,香和村,0314,202,306,168,676,6,682,0,682,324,"1,006",67.79
,南興村,0315,157,321,141,619,4,623,0,623,331,954,65.30
,南興村,0316,256,347,194,797,7,804,0,804,277,"1,081",74.38
,南興村,0317,249,352,169,770,6,776,0,776,207,983,78.94
,安平村,0318,118,270,65,453,7,460,0,460,208,668,68.86
,冬山村,0319,108,248,139,495,5,500,0,500,146,646,77.40
,太和村,0320,126,312,140,578,2,580,0,580,188,768,75.52
,太和村,0321,145,250,137,532,6,538,0,538,184,722,74.52
,八寶村,0322,169,316,134,619,6,625,0,625,243,868,72.00
,丸山村,0323,131,241,112,484,4,488,0,488,230,718,67.97
,丸山村,0324,114,275,109,498,4,502,0,502,235,737,68.11
,中山村,0325,76,201,66,343,4,347,0,347,97,444,78.15
,順安村,0326,217,419,166,802,6,808,0,808,351,"1,159",69.72
,順安村,0327,224,410,204,838,4,842,0,842,352,"1,194",70.52
,順安村,0328,255,447,225,927,7,934,0,934,364,"1,298",71.96
,順安村,0329,228,389,193,810,8,818,0,818,346,"1,164",70.27
,永美村,0330,213,369,181,763,8,771,0,771,293,"1,064",72.46
,永美村,0331,211,432,178,821,5,826,0,826,283,"1,109",74.48
,永美村,0332,235,335,172,742,4,746,0,746,264,"1,010",73.86
,武淵村,0333,261,485,222,968,5,973,0,973,327,"1,300",74.85
,群英村,0334,246,403,172,821,3,824,0,824,270,"1,094",75.32
,群英村,0335,91,171,86,348,4,352,0,352,146,498,70.68
,群英村,0336,173,309,154,636,3,639,0,639,225,864,73.96
,群英村,0337,144,359,197,700,7,707,0,707,302,"1,009",70.07
,群英村,0338,177,364,216,757,5,762,0,762,272,"1,034",73.69
,清溝村,0339,249,439,272,960,8,968,0,968,343,"1,311",73.84
,清溝村,0340,245,445,245,935,9,944,0,944,278,"1,222",77.25
,清溝村,0341,259,439,204,902,6,908,0,908,311,"1,219",74.49
,鹿埔村,0342,206,463,203,872,8,880,0,880,366,"1,246",70.63
,鹿埔村,0343,260,472,191,923,8,931,0,931,363,"1,294",71.95
,得安村,0344,189,303,209,701,6,707,0,707,337,"1,044",67.72
,廣興村,0345,213,493,206,912,1,913,0,913,326,"1,239",73.69
,廣興村,0346,222,387,227,836,10,846,0,846,390,"1,236",68.45
,廣安村,0347,156,245,156,557,2,559,0,559,168,727,76.89
,廣安村,0348,171,341,183,695,5,700,0,700,264,964,72.61
,柯林村,0349,192,309,176,677,2,679,0,679,221,900,75.44
,柯林村,0350,182,322,139,643,7,650,0,650,236,886,73.36
,大進村,0351,105,316,114,535,12,547,0,547,195,742,73.72
　五結鄉,,,"6,831","12,158","6,140","25,129",175,"25,304",0,"25,304","10,268","35,572",71.13
,三興村,0352,225,398,168,791,6,797,0,797,331,"1,128",70.66
,三興村,0353,184,395,155,734,7,741,0,741,259,"1,000",74.10
,二結村,0354,186,301,201,688,4,692,0,692,253,945,73.23
,二結村,0355,207,322,192,721,4,725,0,725,236,961,75.44
,鎮安村,0356,195,349,142,686,2,688,0,688,250,938,73.35
,鎮安村,0357,211,313,173,697,1,698,0,698,223,921,75.79
,鎮安村,0358,156,262,153,571,2,573,0,573,229,802,71.45
,上四村,0359,147,266,152,565,3,568,0,568,193,761,74.64
,上四村,0360,163,280,149,592,5,597,0,597,248,845,70.65
,中興村,0361,125,255,101,481,5,486,0,486,243,729,66.67
,中興村,0362,114,212,100,426,3,429,0,429,197,626,68.53
,四結村,0363,106,207,142,455,2,457,0,457,160,617,74.07
,四結村,0364,191,284,191,666,5,671,0,671,252,923,72.70
,四結村,0365,182,365,204,751,4,755,0,755,255,"1,010",74.75
,福興村,0366,171,344,182,697,8,705,0,705,241,946,74.52
,福興村,0367,143,291,138,572,5,577,0,577,238,815,70.80
,五結村,0368,169,277,155,601,3,604,0,604,341,945,63.92
,五結村,0369,160,295,221,676,4,680,0,680,234,914,74.40
,五結村,0370,164,279,153,596,4,600,0,600,244,844,71.09
,五結村,0371,206,291,190,687,4,691,0,691,275,966,71.53
,協和村,0372,214,413,195,822,7,829,0,829,294,"1,123",73.82
,協和村,0373,174,312,160,646,3,649,0,649,289,938,69.19
,協和村,0374,231,401,176,808,5,813,0,813,384,"1,197",67.92
,大吉村,0375,170,317,176,663,1,664,0,664,243,907,73.21
,大吉村,0376,178,264,204,646,5,651,0,651,266,917,70.99
,大吉村,0377,250,353,175,778,5,783,0,783,307,"1,090",71.83
,大吉村,0378,179,274,132,585,7,592,0,592,244,836,70.81
,孝威村,0379,144,335,93,572,5,577,0,577,249,826,69.85
,孝威村,0380,163,277,148,588,4,592,0,592,211,803,73.72
,錦眾村,0381,101,210,130,441,3,444,0,444,158,602,73.75
,錦眾村,0382,126,300,112,538,5,543,0,543,230,773,70.25
,利澤村,0383,134,309,137,580,9,589,0,589,286,875,67.31
,利澤村,0384,170,340,160,670,6,676,0,676,318,994,68.01
,成興村,0385,280,391,148,819,1,820,0,820,377,"1,197",68.50
,成興村,0386,242,447,185,874,7,881,0,881,353,"1,234",71.39
,成興村,0387,195,314,103,612,4,616,0,616,302,918,67.10
,季新村,0388,130,308,123,561,3,564,0,564,260,824,68.45
,季新村,0389,234,393,189,816,9,825,0,825,381,"1,206",68.41
,季新村,0390,111,214,132,457,5,462,0,462,214,676,68.34
　三星鄉,,,"2,956","6,500","3,439","12,895",93,"12,988",0,"12,988","5,882","18,870",68.83
,員山村,0391,29,65,41,135,2,137,0,137,61,198,69.19
,天山村,0392,54,117,107,278,3,281,0,281,162,443,63.43
,天福村,0393,103,230,124,457,7,464,0,464,222,686,67.64
,萬德村,0394,86,186,110,382,6,388,0,388,188,576,67.36
,貴林村,0395,73,128,103,304,2,306,0,306,198,504,60.71
,萬富村,0396,117,259,139,515,4,519,0,519,199,718,72.28
,雙賢村,0397,70,235,111,416,2,418,0,418,176,594,70.37
,人和村,0398,53,148,108,309,2,311,0,311,142,453,68.65
,義德村,0399,143,327,234,704,1,705,0,705,413,"1,118",63.06
,集慶村,0400,172,335,239,746,6,752,0,752,356,"1,108",67.87
,月眉村,0401,140,279,164,583,3,586,0,586,241,827,70.86
,拱照村,0402,147,370,194,711,9,720,0,720,623,"1,343",53.61
,行健村,0403,130,356,155,641,3,644,0,644,245,889,72.44
,大隱村,0404,150,325,170,645,5,650,0,650,296,946,68.71
,大隱村,0405,199,347,200,746,1,747,0,747,310,"1,057",70.67
,大隱村,0406,172,388,170,730,2,732,0,732,319,"1,051",69.65
,大隱村,0407,240,402,218,860,8,868,0,868,383,"1,251",69.38
,大義村,0408,93,256,95,444,3,447,0,447,168,615,72.68
,大義村,0409,104,245,120,469,3,472,0,472,169,641,73.63
,尚武村,0410,111,287,158,556,6,562,0,562,224,786,71.50
,大洲村,0411,146,331,153,630,5,635,0,635,196,831,76.41
,大洲村,0412,126,326,103,555,5,560,0,560,181,741,75.57
,尾塹村,0413,141,265,98,504,1,505,0,505,214,719,70.24
,尾塹村,0414,157,293,125,575,4,579,0,579,196,775,74.71
　大同鄉,,,807,489,"1,937","3,233",20,"3,253",0,"3,253","1,553","4,806",67.69
,寒溪村,0415,159,63,396,618,7,625,0,625,280,905,69.06
,崙埤村,0416,131,33,271,435,0,435,0,435,168,603,72.14
,松羅村,0417,109,111,269,489,2,491,0,491,219,710,69.15
,復興村,0418,39,70,73,182,4,186,0,186,83,269,69.14
,英士村,0419,38,45,120,203,1,204,0,204,106,310,65.81
,樂水村,0420,63,20,170,253,0,253,0,253,128,381,66.40
,太平村,0421,7,12,12,31,0,31,0,31,16,47,65.96
,茂安村,0422,33,9,90,132,0,132,0,132,62,194,68.04
,四季村,0423,118,47,324,489,3,492,0,492,261,753,65.34
,南山村,0424,110,79,212,401,3,404,0,404,230,634,63.72
　南澳鄉,,,696,271,"1,977","2,944",19,"2,963",0,"2,963","1,613","4,576",64.75
,東岳村,0425,84,25,200,309,1,310,0,310,139,449,69.04
,南澳村,0426,171,75,490,736,5,741,0,741,416,"1,157",64.04
,碧候村,0427,148,47,418,613,6,619,0,619,330,949,65.23
,金岳村,0428,49,13,157,219,0,219,0,219,179,398,55.03
,武塔村,0429,64,51,186,301,2,303,0,303,136,439,69.02
,金洋村,0430,87,21,187,295,2,297,0,297,178,475,62.53
,澳花村,0431,93,39,339,471,3,474,0,474,235,709,66.85
