第16任總統副總統選舉候選人在彰化縣各投開票所得票數一覽表,,,,,,,,,,,,,
鄉(鎮、市、區)別,村里別,投開票所別,各組候選人得票情形,,,"有效票數A
A=1+2+...+N",無效票數B,"投票數C
C=A+B","已領未投票數
D
D=E-C","發出票數E
E=C+D",用餘票數F,"選舉人數G
G=E+F","投票率H
H=C÷G"
,,,"(1)
柯文哲
吳欣盈","(2)
賴清德
蕭美琴","(3)
侯友宜
趙少康",,,,,,,,
,,,,,,,,,,,,,
,,,,,,,,,,,,,
總　計,,,"214,714","282,514","244,140","741,368","6,389","747,757",18,"747,775","284,861","1,032,636",72.41
　伸港鄉,,,"7,454","7,612","7,311","22,377",199,"22,576",1,"22,577","8,745","31,322",72.08
,大同村,0001,341,377,345,"1,063",5,"1,068",0,"1,068",379,"1,447",73.81
,大同村,0002,466,345,278,"1,089",7,"1,096",0,"1,096",355,"1,451",75.53
,海尾村,0003,203,210,254,667,6,673,0,673,231,904,74.45
,海尾村,0004,174,229,193,596,12,608,0,608,244,852,71.36
,全興村,0005,173,130,245,548,5,553,0,553,239,792,69.82
,全興村,0006,197,145,237,579,16,595,0,595,255,850,70.00
,溪底村,0007,206,238,173,617,3,620,0,620,258,878,70.62
,溪底村,0008,309,308,231,848,5,853,0,853,378,"1,231",69.29
,定興村,0009,323,330,319,972,8,980,0,980,388,"1,368",71.64
,定興村,0010,277,269,278,824,11,835,0,835,414,"1,249",66.85
,什股村,0011,256,169,312,737,8,745,0,745,326,"1,071",69.56
,什股村,0012,405,314,306,"1,025",16,"1,041",0,"1,041",399,"1,440",72.29
,泉州村,0013,260,263,273,796,5,801,0,801,255,"1,056",75.85
,泉州村,0014,199,178,228,605,7,612,0,612,253,865,70.75
,泉厝村,0015,263,321,305,889,3,892,0,892,327,"1,219",73.17
,曾家村,0016,178,266,152,596,4,600,0,600,252,852,70.42
,曾家村,0017,185,169,217,571,8,579,0,579,265,844,68.60
,蚵寮村,0018,186,428,173,787,5,792,0,792,326,"1,118",70.84
,新港村,0019,291,376,326,993,5,998,0,998,352,"1,350",73.93
,新港村,0020,290,317,325,932,9,941,0,941,350,"1,291",72.89
,新港村,0021,292,282,274,848,7,855,0,855,330,"1,185",72.15
,新港村,0022,307,298,289,894,11,905,0,905,421,"1,326",68.25
,埤墘村,0023,166,189,158,513,3,516,0,516,148,664,77.71
,埤墘村,0024,230,208,167,605,2,607,1,608,234,842,72.09
,七嘉村,0025,210,262,243,715,4,719,0,719,239,958,75.05
,七嘉村,0026,255,236,257,748,6,754,0,754,284,"1,038",72.64
,七嘉村,0027,268,241,212,721,2,723,0,723,292,"1,015",71.23
,汴頭村,0028,234,275,261,770,5,775,0,775,287,"1,062",72.98
,汴頭村,0029,310,239,280,829,11,840,0,840,264,"1,104",76.09
　線西鄉,,,"3,267","3,027","3,477","9,771",106,"9,877",0,"9,877","3,766","13,643",72.40
,線西村,0030,242,239,265,746,8,754,0,754,273,"1,027",73.42
,線西村,0031,316,240,321,877,6,883,0,883,301,"1,184",74.58
,頂庄村,0032,265,223,336,824,7,831,0,831,353,"1,184",70.19
,寓埔村,0033,315,254,256,825,6,831,0,831,325,"1,156",71.89
,寓埔村,0034,243,262,292,797,5,802,0,802,275,"1,077",74.47
,塭仔村,0035,247,317,297,861,3,864,0,864,339,"1,203",71.82
,溝內村,0036,286,248,273,807,15,822,0,822,353,"1,175",69.96
,下犁村,0037,217,236,229,682,15,697,0,697,245,942,73.99
,下犁村,0038,216,210,223,649,11,660,0,660,230,890,74.16
,頂犁村,0039,278,236,344,858,9,867,0,867,346,"1,213",71.48
,頂犁村,0040,333,251,304,888,9,897,0,897,364,"1,261",71.13
,德興村,0041,309,311,337,957,12,969,0,969,362,"1,331",72.80
　和美鎮,,,"16,783","19,424","17,176","53,383",499,"53,882",0,"53,882","19,070","72,952",73.86
,竹營里,0042,240,357,274,871,7,878,0,878,382,"1,260",69.68
,竹營里,0043,272,317,220,809,3,812,0,812,354,"1,166",69.64
,竹營里,0044,297,296,309,902,9,911,0,911,323,"1,234",73.82
,竹營里,0045,258,298,295,851,10,861,0,861,293,"1,154",74.61
,竹營里,0046,281,294,242,817,4,821,0,821,282,"1,103",74.43
,和東里,0047,257,290,241,788,9,797,0,797,245,"1,042",76.49
,和東里,0048,213,284,232,729,8,737,0,737,250,987,74.67
,和東里,0049,188,263,247,698,7,705,0,705,261,966,72.98
,和東里,0050,284,334,272,890,7,897,0,897,318,"1,215",73.83
,和南里,0051,80,96,100,276,4,280,0,280,92,372,75.27
,和北里,0052,171,243,202,616,4,620,0,620,239,859,72.18
,和北里,0053,231,242,216,689,5,694,0,694,255,949,73.13
,和西里,0054,216,297,243,756,5,761,0,761,238,999,76.18
,和西里,0055,238,274,265,777,5,782,0,782,278,"1,060",73.77
,和西里,0056,204,246,242,692,3,695,0,695,271,966,71.95
,四張里,0057,311,446,269,"1,026",15,"1,041",0,"1,041",368,"1,409",73.88
,四張里,0058,328,291,319,938,9,947,0,947,351,"1,298",72.96
,頭前里,0059,197,176,211,584,6,590,0,590,204,794,74.31
,頭前里,0060,202,163,207,572,10,582,0,582,253,835,69.70
,面前里,0061,336,359,310,"1,005",11,"1,016",0,"1,016",331,"1,347",75.43
,面前里,0062,217,179,183,579,7,586,0,586,173,759,77.21
,鎮平里,0063,379,398,321,"1,098",14,"1,112",0,"1,112",338,"1,450",76.69
,鎮平里,0064,284,381,332,997,7,"1,004",0,"1,004",327,"1,331",75.43
,大霞里,0065,153,191,192,536,4,540,0,540,215,755,71.52
,大霞里,0066,129,149,161,439,5,444,0,444,174,618,71.84
,源埤里,0067,228,245,207,680,4,684,0,684,275,959,71.32
,源埤里,0068,161,215,245,621,5,626,0,626,205,831,75.33
,南佃里,0069,253,320,235,808,5,813,0,813,307,"1,120",72.59
,南佃里,0070,242,259,265,766,9,775,0,775,260,"1,035",74.88
,雅溝里,0071,275,346,292,913,9,922,0,922,336,"1,258",73.29
,山犁里,0072,327,347,312,986,14,"1,000",0,"1,000",336,"1,336",74.85
,山犁里,0073,293,364,305,962,10,972,0,972,304,"1,276",76.18
,山犁里,0074,295,281,292,868,9,877,0,877,320,"1,197",73.27
,山犁里,0075,370,342,322,"1,034",5,"1,039",0,"1,039",321,"1,360",76.40
,仁愛里,0076,321,391,265,977,4,981,0,981,424,"1,405",69.82
,仁愛里,0077,341,312,322,975,3,978,0,978,349,"1,327",73.70
,嘉犁里,0078,221,258,271,750,3,753,0,753,222,975,77.23
,嘉犁里,0079,196,202,226,624,7,631,0,631,244,875,72.11
,詔安里,0080,206,272,218,696,5,701,0,701,255,956,73.33
,詔安里,0081,211,246,240,697,7,704,0,704,280,984,71.54
,鐵山里,0082,268,345,347,960,7,967,0,967,312,"1,279",75.61
,鐵山里,0083,287,354,316,957,16,973,0,973,293,"1,266",76.86
,柑井里,0084,238,316,259,813,8,821,0,821,280,"1,101",74.57
,柑井里,0085,241,288,231,760,7,767,0,767,327,"1,094",70.11
,柑井里,0086,282,297,265,844,7,851,0,851,328,"1,179",72.18
,竹園里,0087,216,306,203,725,3,728,0,728,175,903,80.62
,新庄里,0088,245,313,236,794,14,808,0,808,295,"1,103",73.25
,新庄里,0089,335,304,323,962,7,969,0,969,265,"1,234",78.53
,犁盛里,0090,217,321,238,776,9,785,0,785,243,"1,028",76.36
,犁盛里,0091,239,328,271,838,11,849,0,849,309,"1,158",73.32
,中寮里,0092,229,298,216,743,10,753,0,753,298,"1,051",71.65
,中圍里,0093,200,258,208,666,9,675,0,675,206,881,76.62
,中圍里,0094,221,269,183,673,7,680,0,680,277,957,71.06
,中圍里,0095,215,258,227,700,11,711,0,711,216,927,76.70
,糖友里,0096,240,229,250,719,3,722,0,722,238,960,75.21
,糖友里,0097,229,261,280,770,5,775,0,775,269,"1,044",74.23
,糖友里,0098,296,251,319,866,7,873,0,873,294,"1,167",74.81
,糖友里,0099,299,251,268,818,7,825,0,825,294,"1,119",73.73
,還社里,0100,190,236,208,634,9,643,0,643,186,829,77.56
,塗厝里,0101,157,169,222,548,9,557,0,557,248,805,69.19
,塗厝里,0102,216,193,194,603,2,605,0,605,219,824,73.42
,地潭里,0103,173,158,229,560,8,568,0,568,213,781,72.73
,湖內里,0104,265,406,189,860,4,864,0,864,288,"1,152",75.00
,嘉寶里,0105,251,245,240,736,4,740,0,740,283,"1,023",72.34
,嘉寶里,0106,190,234,164,588,5,593,0,593,297,890,66.63
,月眉里,0107,207,297,213,717,9,726,0,726,250,976,74.39
,月眉里,0108,225,271,220,716,6,722,0,722,238,960,75.21
,月眉里,0109,218,259,229,706,7,713,0,713,265,978,72.90
,好修里,0110,152,193,136,481,4,485,0,485,173,658,73.71
,好修里,0111,136,252,170,558,7,565,0,565,238,803,70.36
　鹿港鎮,,,"14,139","20,577","14,776","49,492",492,"49,984",4,"49,988","18,580","68,568",72.90
,大有里,0112,181,377,224,782,5,787,0,787,292,"1,079",72.94
,中興里,0113,101,185,77,363,1,364,0,364,123,487,74.74
,洛津里,0114,138,278,152,568,7,575,0,575,232,807,71.25
,順興里,0115,155,268,196,619,7,626,0,626,240,866,72.29
,埔崙里,0116,191,337,176,704,9,713,0,713,230,943,75.61
,埔崙里,0117,191,427,212,830,8,838,0,838,261,"1,099",76.25
,埔崙里,0118,174,248,150,572,7,579,0,579,226,805,71.93
,埔崙里,0119,159,225,137,521,3,524,0,524,195,719,72.88
,埔崙里,0120,260,480,228,968,9,977,0,977,389,"1,366",71.52
,新宮里,0121,144,327,135,606,9,615,0,615,186,801,76.78
,玉順里,0122,155,429,224,808,10,818,0,818,284,"1,102",74.23
,東石里,0123,176,391,151,718,5,723,0,723,273,996,72.59
,東石里,0124,211,407,180,798,5,803,0,803,252,"1,055",76.11
,東石里,0125,189,362,178,729,9,738,0,738,292,"1,030",71.65
,東石里,0126,229,355,231,815,20,835,0,835,328,"1,163",71.80
,郭厝里,0127,71,179,101,351,7,358,0,358,154,512,69.92
,永安里,0128,244,295,216,755,6,761,1,762,308,"1,070",71.12
,永安里,0129,177,318,212,707,0,707,0,707,274,981,72.07
,永安里,0130,201,329,194,724,7,731,0,731,234,965,75.75
,永安里,0131,221,390,251,862,5,867,0,867,365,"1,232",70.37
,景福里,0132,178,325,233,736,8,744,0,744,251,995,74.77
,泰興里,0133,192,385,250,827,10,837,0,837,260,"1,097",76.30
,長興里,0134,56,71,54,181,1,182,0,182,75,257,70.82
,興化里,0135,81,187,118,386,7,393,0,393,154,547,71.85
,龍山里,0136,84,198,129,411,5,416,0,416,165,581,71.60
,菜園里,0137,145,339,127,611,4,615,0,615,191,806,76.30
,街尾里,0138,197,376,216,789,5,794,0,794,227,"1,021",77.77
,街尾里,0139,226,325,251,802,6,808,0,808,268,"1,076",75.09
,詔安里,0140,280,362,287,929,10,939,1,940,380,"1,320",71.14
,詔安里,0141,118,258,153,529,10,539,0,539,193,732,73.63
,海埔里,0142,217,349,201,767,5,772,0,772,335,"1,107",69.74
,海埔里,0143,250,332,236,818,16,834,0,834,366,"1,200",69.50
,海埔里,0144,232,354,226,812,8,820,0,820,381,"1,201",68.28
,洋厝里,0145,202,232,253,687,3,690,1,691,219,910,75.82
,洋厝里,0146,120,238,122,480,8,488,0,488,220,708,68.93
,洋厝里,0147,138,228,119,485,3,488,0,488,212,700,69.71
,草中里,0148,180,240,239,659,5,664,0,664,288,952,69.75
,草中里,0149,219,247,263,729,3,732,0,732,269,"1,001",73.13
,草中里,0150,241,295,262,798,13,811,0,811,310,"1,121",72.35
,頭南里,0151,268,251,325,844,10,854,1,855,329,"1,184",72.13
,頭南里,0152,225,229,235,689,5,694,0,694,246,940,73.83
,山崙里,0153,173,328,185,686,2,688,0,688,297,985,69.85
,山崙里,0154,202,279,215,696,4,700,0,700,247,947,73.92
,山崙里,0155,188,282,239,709,1,710,0,710,253,963,73.73
,頂番里,0156,186,204,211,601,4,605,0,605,243,848,71.34
,頂番里,0157,136,159,157,452,1,453,0,453,203,656,69.05
,頂番里,0158,236,261,287,784,6,790,0,790,299,"1,089",72.54
,頂番里,0159,304,252,316,872,9,881,0,881,309,"1,190",74.03
,頭崙里,0160,161,193,177,531,6,537,0,537,258,795,67.55
,頭崙里,0161,137,162,201,500,5,505,0,505,194,699,72.25
,頭崙里,0162,222,288,224,734,4,738,0,738,262,"1,000",73.80
,溝墘里,0163,231,197,237,665,13,678,0,678,221,899,75.42
,溝墘里,0164,257,278,272,807,9,816,0,816,229,"1,045",78.09
,溝墘里,0165,191,175,261,627,3,630,0,630,211,841,74.91
,溝墘里,0166,274,310,267,851,8,859,0,859,319,"1,178",72.92
,廖厝里,0167,332,393,330,"1,055",4,"1,059",0,"1,059",347,"1,406",75.32
,廖厝里,0168,293,264,316,873,8,881,0,881,340,"1,221",72.15
,廖厝里,0169,368,387,361,"1,116",6,"1,122",0,"1,122",402,"1,524",73.62
,東崎里,0170,278,254,244,776,12,788,0,788,372,"1,160",67.93
,東崎里,0171,225,351,251,827,17,844,0,844,309,"1,153",73.20
,東崎里,0172,253,441,253,947,12,959,0,959,306,"1,265",75.81
,東崎里,0173,328,397,275,"1,000",10,"1,010",0,"1,010",441,"1,451",69.61
,鹿東里,0174,337,423,287,"1,047",8,"1,055",0,"1,055",376,"1,431",73.72
,鹿東里,0175,222,352,250,824,11,835,0,835,248,"1,083",77.10
,頂厝里,0176,261,337,209,807,8,815,0,815,301,"1,116",73.03
,頂厝里,0177,211,248,189,648,9,657,0,657,248,905,72.60
,頂厝里,0178,205,244,202,651,5,656,0,656,234,890,73.71
,鹿和里,0179,251,348,222,821,16,837,0,837,321,"1,158",72.28
,鹿和里,0180,260,342,214,816,7,823,0,823,313,"1,136",72.45
　福興鄉,,,"7,744","11,128","7,940","26,812",293,"27,105",1,"27,106","11,068","38,174",71.00
,三汴村,0181,279,429,222,930,13,943,0,943,343,"1,286",73.33
,萬豐村,0182,149,263,180,592,8,600,0,600,190,790,75.95
,元中村,0183,234,335,276,845,8,853,0,853,349,"1,202",70.97
,外中村,0184,239,383,209,831,17,848,0,848,304,"1,152",73.61
,外埔村,0185,154,217,111,482,4,486,0,486,215,701,69.33
,外埔村,0186,163,223,155,541,7,548,0,548,225,773,70.89
,大崙村,0187,293,345,244,882,13,895,0,895,308,"1,203",74.40
,番婆村,0188,250,365,316,931,12,943,0,943,469,"1,412",66.78
,番婆村,0189,180,265,186,631,11,642,0,642,302,944,68.01
,橋頭村,0190,236,354,245,835,9,844,0,844,394,"1,238",68.17
,橋頭村,0191,298,382,300,980,6,986,0,986,328,"1,314",75.04
,社尾村,0192,287,438,261,986,5,991,0,991,403,"1,394",71.09
,番社村,0193,260,562,234,"1,056",13,"1,069",0,"1,069",352,"1,421",75.23
,西勢村,0194,182,271,183,636,4,640,0,640,228,868,73.73
,西勢村,0195,196,284,214,694,10,704,0,704,281,985,71.47
,同安村,0196,177,293,194,664,9,673,0,673,294,967,69.60
,同安村,0197,279,355,258,892,10,902,1,903,373,"1,276",70.69
,秀厝村,0198,254,298,235,787,9,796,0,796,256,"1,052",75.67
,秀厝村,0199,324,465,269,"1,058",12,"1,070",0,"1,070",398,"1,468",72.89
,福興村,0200,261,379,246,886,7,893,0,893,306,"1,199",74.48
,福興村,0201,247,359,272,878,5,883,0,883,360,"1,243",71.04
,福興村,0202,221,342,216,779,4,783,0,783,319,"1,102",71.05
,福南村,0203,221,327,254,802,8,810,0,810,391,"1,201",67.44
,福南村,0204,265,354,275,894,5,899,0,899,406,"1,305",68.89
,鎮平村,0205,217,270,272,759,12,771,0,771,356,"1,127",68.41
,三和村,0206,174,380,170,724,7,731,0,731,272,"1,003",72.88
,二港村,0207,221,391,277,889,9,898,0,898,339,"1,237",72.59
,福寶村,0208,239,237,312,788,11,799,0,799,399,"1,198",66.69
,頂粘村,0209,208,244,234,686,5,691,0,691,288,979,70.58
,頂粘村,0210,269,260,324,853,5,858,0,858,387,"1,245",68.92
,廈粘村,0211,192,246,208,646,9,655,0,655,227,882,74.26
,廈粘村,0212,180,232,218,630,4,634,0,634,307,941,67.38
,麥厝村,0213,194,302,186,682,5,687,0,687,308,995,69.05
,麥厝村,0214,201,278,184,663,17,680,0,680,391,"1,071",63.49
　秀水鄉,,,"7,061","8,864","7,395","23,320",181,"23,501",0,"23,501","8,110","31,611",74.34
,秀水村,0215,157,215,172,544,4,548,0,548,232,780,70.26
,秀水村,0216,189,291,167,647,8,655,0,655,203,858,76.34
,安溪村,0217,217,305,221,743,6,749,0,749,258,"1,007",74.38
,安溪村,0218,244,297,198,739,10,749,0,749,259,"1,008",74.31
,莊雅村,0219,235,266,238,739,3,742,0,742,235,977,75.95
,莊雅村,0220,174,178,213,565,3,568,0,568,213,781,72.73
,莊雅村,0221,188,217,217,622,6,628,0,628,211,839,74.85
,陝西村,0222,139,179,180,498,0,498,0,498,161,659,75.57
,陝西村,0223,142,178,182,502,2,504,0,504,222,726,69.42
,金興村,0224,205,211,242,658,11,669,0,669,230,899,74.42
,金興村,0225,205,213,217,635,2,637,0,637,230,867,73.47
,安東村,0226,169,242,223,634,4,638,0,638,191,829,76.96
,安東村,0227,160,193,233,586,8,594,0,594,234,828,71.74
,安東村,0228,225,301,215,741,10,751,0,751,250,"1,001",75.02
,安東村,0229,266,296,219,781,3,784,0,784,287,"1,071",73.20
,鶴鳴村,0230,131,208,181,520,5,525,0,525,189,714,73.53
,鶴鳴村,0231,231,315,184,730,3,733,0,733,224,957,76.59
,鶴鳴村,0232,154,203,184,541,4,545,0,545,205,750,72.67
,鶴鳴村,0233,150,158,164,472,5,477,0,477,157,634,75.24
,馬興村,0234,128,214,158,500,3,503,0,503,172,675,74.52
,馬興村,0235,174,176,157,507,1,508,0,508,157,665,76.39
,馬興村,0236,213,248,171,632,5,637,0,637,210,847,75.21
,義興村,0237,150,155,170,475,5,480,0,480,204,684,70.18
,義興村,0238,208,197,150,555,3,558,0,558,188,746,74.80
,福安村,0239,197,248,212,657,6,663,0,663,239,902,73.50
,福安村,0240,195,209,177,581,7,588,0,588,202,790,74.43
,福安村,0241,192,195,229,616,6,622,0,622,206,828,75.12
,福安村,0242,214,271,226,711,4,715,0,715,279,994,71.93
,福安村,0243,225,280,213,718,7,725,0,725,202,927,78.21
,埔崙村,0244,201,261,176,638,4,642,0,642,187,829,77.44
,埔崙村,0245,205,313,283,801,3,804,0,804,266,"1,070",75.14
,曾厝村,0246,220,263,228,711,6,717,0,717,217,934,76.77
,曾厝村,0247,183,206,192,581,6,587,0,587,200,787,74.59
,金陵村,0248,161,215,185,561,6,567,0,567,210,777,72.97
,金陵村,0249,170,322,172,664,4,668,0,668,238,906,73.73
,下崙村,0250,154,170,164,488,4,492,0,492,157,649,75.81
,下崙村,0251,143,153,149,445,1,446,0,446,172,618,72.17
,下崙村,0252,147,302,133,582,3,585,0,585,213,798,73.31
　彰化市,,,"40,445","50,658","45,699","136,802",914,"137,716",5,"137,721","47,128","184,849",74.50
,桃源里,0253,195,225,209,629,5,634,0,634,204,838,75.66
,桃源里,0254,99,124,159,382,3,385,0,385,220,605,63.64
,桃源里,0255,192,224,203,619,4,623,0,623,238,861,72.36
,東興里,0256,146,224,166,536,3,539,0,539,181,720,74.86
,東興里,0257,121,210,191,522,3,525,0,525,197,722,72.71
,華北里,0258,110,173,212,495,3,498,0,498,172,670,74.33
,華北里,0259,161,227,136,524,4,528,0,528,186,714,73.95
,華陽里,0260,114,148,230,492,1,493,0,493,211,704,70.03
,華陽里,0261,186,249,251,686,5,691,0,691,281,972,71.09
,大同里,0262,170,275,229,674,6,680,0,680,237,917,74.15
,永生里,0263,212,321,275,808,4,812,0,812,301,"1,113",72.96
,建寶里,0264,199,249,302,750,4,754,0,754,277,"1,031",73.13
,建寶里,0265,221,261,337,819,6,825,0,825,264,"1,089",75.76
,光南里,0266,160,227,174,561,2,563,1,564,196,760,74.08
,光南里,0267,121,172,150,443,3,446,0,446,128,574,77.70
,介壽里,0268,226,221,413,860,9,869,0,869,294,"1,163",74.72
,介壽里,0269,175,273,218,666,3,669,0,669,794,"1,463",45.73
,延平里,0270,269,345,331,945,3,948,0,948,336,"1,284",73.83
,延平里,0271,268,340,287,895,5,900,1,901,294,"1,195",75.31
,延平里,0272,260,266,299,825,3,828,0,828,319,"1,147",72.19
,延平里,0273,299,367,268,934,11,945,0,945,349,"1,294",73.03
,延平里,0274,194,219,229,642,1,643,0,643,161,804,79.98
,延平里,0275,220,229,190,639,3,642,0,642,181,823,78.01
,延平里,0276,235,344,270,849,11,860,0,860,276,"1,136",75.70
,延平里,0277,317,338,352,"1,007",6,"1,013",0,"1,013",316,"1,329",76.22
,延和里,0278,235,290,300,825,7,832,0,832,301,"1,133",73.43
,延和里,0279,297,341,276,914,5,919,0,919,312,"1,231",74.65
,延和里,0280,244,415,274,933,4,937,0,937,327,"1,264",74.13
,延和里,0281,295,329,339,963,6,969,0,969,284,"1,253",77.33
,南興里,0282,317,401,291,"1,009",5,"1,014",0,"1,014",303,"1,317",76.99
,南興里,0283,280,308,271,859,2,861,0,861,308,"1,169",73.65
,南興里,0284,351,364,318,"1,033",3,"1,036",0,"1,036",287,"1,323",78.31
,南興里,0285,284,358,289,931,3,934,0,934,290,"1,224",76.31
,南興里,0286,340,340,315,995,6,"1,001",0,"1,001",314,"1,315",76.12
,南興里,0287,328,372,305,"1,005",8,"1,013",0,"1,013",300,"1,313",77.15
,南瑶里,0288,239,250,245,734,3,737,0,737,257,994,74.14
,南瑶里,0289,223,313,252,788,8,796,0,796,253,"1,049",75.88
,南瑶里,0290,220,352,317,889,3,892,0,892,288,"1,180",75.59
,南瑶里,0291,236,327,276,839,3,842,0,842,225,"1,067",78.91
,南瑶里,0292,225,270,300,795,3,798,2,800,278,"1,078",74.03
,南瑶里,0293,238,283,231,752,4,756,0,756,228,984,76.83
,南瑶里,0294,192,268,253,713,7,720,0,720,216,936,76.92
,成功里,0295,120,217,168,505,4,509,0,509,151,660,77.12
,成功里,0296,155,207,192,554,5,559,0,559,192,751,74.43
,福安里,0297,227,268,256,751,4,755,0,755,229,984,76.73
,西安里,0298,146,254,175,575,4,579,0,579,237,816,70.96
,西安里,0299,172,232,219,623,3,626,0,626,214,840,74.52
,西安里,0300,222,255,260,737,7,744,0,744,275,"1,019",73.01
,彰安里,0301,178,305,221,704,4,708,0,708,260,968,73.14
,彰安里,0302,161,260,195,616,4,620,0,620,213,833,74.43
,彰安里,0303,164,254,250,668,7,675,0,675,217,892,75.67
,中央里,0304,109,245,174,528,5,533,0,533,168,701,76.03
,富貴里,0305,129,265,195,589,8,597,0,597,213,810,73.70
,民權里,0306,175,286,248,709,2,711,0,711,269,980,72.55
,萬壽里,0307,115,306,157,578,3,581,0,581,199,780,74.49
,長樂里,0308,155,309,194,658,4,662,0,662,198,860,76.98
,西興里,0309,205,315,215,735,5,740,0,740,243,983,75.28
,西興里,0310,285,328,333,946,6,952,0,952,282,"1,234",77.15
,西興里,0311,245,268,224,737,3,740,0,740,250,990,74.75
,西勢里,0312,245,326,298,869,5,874,0,874,247,"1,121",77.97
,西勢里,0313,285,339,290,914,1,915,0,915,330,"1,245",73.49
,西勢里,0314,261,280,349,890,7,897,0,897,263,"1,160",77.33
,忠權里,0315,252,252,255,759,3,762,0,762,263,"1,025",74.34
,忠權里,0316,220,287,271,778,12,790,0,790,243,"1,033",76.48
,忠權里,0317,217,228,269,714,6,720,0,720,280,"1,000",72.00
,忠孝里,0318,238,318,283,839,9,848,0,848,274,"1,122",75.58
,五權里,0319,200,250,246,696,4,700,0,700,265,965,72.54
,五權里,0320,254,255,229,738,2,740,0,740,323,"1,063",69.61
,五權里,0321,175,235,217,627,3,630,0,630,259,889,70.87
,五權里,0322,289,238,237,764,8,772,0,772,365,"1,137",67.90
,平和里,0323,187,270,258,715,4,719,0,719,226,945,76.08
,平和里,0324,325,371,285,981,4,985,0,985,297,"1,282",76.83
,平和里,0325,245,276,275,796,7,803,0,803,258,"1,061",75.68
,平和里,0326,204,280,252,736,6,742,0,742,276,"1,018",72.89
,崙平里,0327,252,327,317,896,5,901,0,901,301,"1,202",74.96
,崙平里,0328,243,292,262,797,1,798,0,798,263,"1,061",75.21
,崙平里,0329,240,230,259,729,5,734,0,734,238,972,75.51
,崙平里,0330,202,253,236,691,4,695,0,695,270,965,72.02
,崙平里,0331,209,250,248,707,8,715,0,715,266,981,72.88
,向陽里,0332,262,274,352,888,6,894,0,894,243,"1,137",78.63
,向陽里,0333,218,221,223,662,2,664,0,664,259,923,71.94
,向陽里,0334,240,265,255,760,8,768,0,768,215,983,78.13
,向陽里,0335,226,236,310,772,7,779,0,779,222,"1,001",77.82
,向陽里,0336,290,260,295,845,9,854,0,854,294,"1,148",74.39
,莿桐里,0337,196,239,198,633,2,635,0,635,228,863,73.58
,莿桐里,0338,216,299,296,811,7,818,0,818,232,"1,050",77.90
,莿桐里,0339,232,289,260,781,6,787,0,787,253,"1,040",75.67
,南美里,0340,202,248,166,616,5,621,0,621,215,836,74.28
,南美里,0341,252,248,264,764,8,772,0,772,241,"1,013",76.21
,南安里,0342,230,312,277,819,3,822,0,822,308,"1,130",72.74
,南安里,0343,232,273,220,725,8,733,0,733,220,953,76.92
,東芳里,0344,289,279,229,797,6,803,0,803,339,"1,142",70.32
,東芳里,0345,245,330,239,814,5,819,0,819,244,"1,063",77.05
,東芳里,0346,236,319,296,851,7,858,0,858,332,"1,190",72.10
,磚磘里,0347,263,304,261,828,5,833,0,833,299,"1,132",73.59
,磚磘里,0348,220,275,257,752,2,754,0,754,233,987,76.39
,磚磘里,0349,270,238,239,747,13,760,0,760,273,"1,033",73.57
,卦山里,0350,202,331,318,851,3,854,0,854,305,"1,159",73.68
,卦山里,0351,239,322,348,909,4,913,0,913,306,"1,219",74.90
,光復里,0352,103,229,113,445,2,447,0,447,153,600,74.50
,永福里,0353,184,256,178,618,8,626,0,626,186,812,77.09
,光華里,0354,111,222,188,521,2,523,0,523,165,688,76.02
,中正里,0355,115,196,158,469,3,472,0,472,159,631,74.80
,中正里,0356,143,183,184,510,2,512,0,512,209,721,71.01
,中山里,0357,162,191,224,577,6,583,0,583,209,792,73.61
,龍山里,0358,187,256,279,722,8,730,0,730,264,994,73.44
,龍山里,0359,177,244,223,644,4,648,0,648,219,867,74.74
,新興里,0360,268,332,264,864,4,868,0,868,273,"1,141",76.07
,新興里,0361,198,268,236,702,4,706,0,706,199,905,78.01
,新興里,0362,204,275,202,681,4,685,0,685,230,915,74.86
,新興里,0363,255,302,307,864,2,866,0,866,302,"1,168",74.14
,新興里,0364,238,252,235,725,6,731,0,731,204,935,78.18
,新華里,0365,176,232,192,600,5,605,0,605,212,817,74.05
,新華里,0366,186,211,237,634,5,639,0,639,206,845,75.62
,興北里,0367,158,193,179,530,3,533,0,533,202,735,72.52
,興北里,0368,168,241,196,605,2,607,0,607,230,837,72.52
,信義里,0369,126,227,186,539,4,543,0,543,173,716,75.84
,民生里,0370,122,177,150,449,2,451,0,451,148,599,75.29
,民生里,0371,133,178,175,486,2,488,0,488,177,665,73.38
,文化里,0372,107,202,161,470,4,474,0,474,154,628,75.48
,文化里,0373,108,155,151,414,6,420,0,420,146,566,74.20
,陽明里,0374,171,255,216,642,7,649,0,649,190,839,77.35
,陽明里,0375,138,245,186,569,3,572,0,572,217,789,72.50
,萬安里,0376,198,265,235,698,2,700,0,700,199,899,77.86
,萬安里,0377,185,238,236,659,3,662,0,662,233,895,73.97
,萬安里,0378,148,246,186,580,5,585,0,585,203,788,74.24
,萬安里,0379,221,271,269,761,6,767,0,767,242,"1,009",76.02
,下廍里,0380,267,283,271,821,5,826,0,826,266,"1,092",75.64
,下廍里,0381,227,266,249,742,2,744,0,744,235,979,76.00
,下廍里,0382,201,296,274,771,10,781,0,781,231,"1,012",77.17
,下廍里,0383,195,219,219,633,5,638,0,638,212,850,75.06
,下廍里,0384,209,284,247,740,5,745,0,745,202,947,78.67
,茄苳里,0385,219,221,228,668,8,676,0,676,210,886,76.30
,茄南里,0386,206,246,228,680,5,685,0,685,217,902,75.94
,茄南里,0387,226,271,215,712,6,718,0,718,209,927,77.45
,茄南里,0388,253,242,259,754,3,757,0,757,216,973,77.80
,寶廍里,0389,307,310,273,890,10,900,0,900,284,"1,184",76.01
,古夷里,0390,152,218,204,574,2,576,0,576,201,777,74.13
,古夷里,0391,190,240,197,627,6,633,0,633,226,859,73.69
,古夷里,0392,158,187,148,493,4,497,0,497,181,678,73.30
,阿夷里,0393,301,304,313,918,3,921,0,921,211,"1,132",81.36
,阿夷里,0394,335,318,306,959,11,970,0,970,336,"1,306",74.27
,阿夷里,0395,290,267,274,831,7,838,0,838,307,"1,145",73.19
,阿夷里,0396,291,277,303,871,8,879,0,879,219,"1,098",80.05
,阿夷里,0397,320,304,301,925,8,933,0,933,307,"1,240",75.24
,阿夷里,0398,260,276,253,789,5,794,0,794,306,"1,100",72.18
,阿夷里,0399,264,336,274,874,10,884,0,884,299,"1,183",74.73
,和調里,0400,198,231,204,633,3,636,0,636,177,813,78.23
,和調里,0401,153,215,215,583,4,587,0,587,216,803,73.10
,和調里,0402,234,212,230,676,5,681,0,681,225,906,75.17
,復興里,0403,213,240,217,670,4,674,0,674,242,916,73.58
,復興里,0404,183,240,231,654,8,662,0,662,213,875,75.66
,復興里,0405,222,268,265,755,2,757,0,757,289,"1,046",72.37
,復興里,0406,229,305,249,783,5,788,0,788,257,"1,045",75.41
,中庄里,0407,260,325,291,876,5,881,1,882,370,"1,252",70.37
,中庄里,0408,188,371,222,781,4,785,0,785,263,"1,048",74.90
,竹中里,0409,173,173,222,568,5,573,0,573,199,772,74.22
,竹中里,0410,155,252,188,595,4,599,0,599,234,833,71.91
,香山里,0411,217,276,213,706,5,711,0,711,227,938,75.80
,香山里,0412,272,358,235,865,6,871,0,871,282,"1,153",75.54
,香山里,0413,262,273,283,818,4,822,0,822,318,"1,140",72.11
,牛埔里,0414,174,286,189,649,7,656,0,656,216,872,75.23
,牛埔里,0415,240,279,228,747,6,753,0,753,293,"1,046",71.99
,牛埔里,0416,221,285,208,714,7,721,0,721,242,963,74.87
,台鳳里,0417,232,236,279,747,1,748,0,748,286,"1,034",72.34
,台鳳里,0418,263,249,270,782,1,783,0,783,312,"1,095",71.51
,台鳳里,0419,256,251,278,785,4,789,0,789,282,"1,071",73.67
,台鳳里,0420,227,247,265,739,2,741,0,741,283,"1,024",72.36
,國聖里,0421,162,228,156,546,5,551,0,551,162,713,77.28
,國聖里,0422,245,242,221,708,3,711,0,711,212,923,77.03
,國聖里,0423,138,231,185,554,1,555,0,555,194,749,74.10
,福山里,0424,226,280,262,768,9,777,0,777,316,"1,093",71.09
,福山里,0425,288,328,277,893,5,898,0,898,309,"1,207",74.40
,福山里,0426,228,339,249,816,4,820,0,820,284,"1,104",74.28
,福山里,0427,265,344,242,851,10,861,0,861,276,"1,137",75.73
,福山里,0428,211,329,249,789,9,798,0,798,275,"1,073",74.37
,福山里,0429,204,246,218,668,4,672,0,672,218,890,75.51
,安溪里,0430,237,244,234,715,4,719,0,719,205,924,77.81
,安溪里,0431,196,262,220,678,6,684,0,684,222,906,75.50
,三村里,0432,281,308,235,824,1,825,0,825,308,"1,133",72.82
,大竹里,0433,215,280,209,704,5,709,0,709,243,952,74.47
,大竹里,0434,236,288,285,809,2,811,0,811,277,"1,088",74.54
,大竹里,0435,264,282,267,813,7,820,0,820,258,"1,078",76.07
,田中里,0436,188,243,199,630,2,632,0,632,214,846,74.70
,快官里,0437,199,305,266,770,3,773,0,773,333,"1,106",69.89
,竹巷里,0438,137,249,203,589,3,592,0,592,220,812,72.91
,福田里,0439,291,334,264,889,8,897,0,897,310,"1,207",74.32
,石牌里,0440,221,292,246,759,5,764,0,764,325,"1,089",70.16
　花壇鄉,,,"8,237","9,555","9,451","27,243",231,"27,474",1,"27,475","9,960","37,435",73.39
,花壇村,0441,214,217,213,644,9,653,0,653,212,865,75.49
,花壇村,0442,201,267,257,725,4,729,0,729,225,954,76.42
,花壇村,0443,318,341,314,973,6,979,0,979,283,"1,262",77.58
,金墩村,0444,187,211,166,564,6,570,0,570,191,761,74.90
,金墩村,0445,191,252,226,669,3,672,0,672,237,909,73.93
,中庄村,0446,217,300,253,770,8,778,0,778,287,"1,065",73.05
,中庄村,0447,266,273,323,862,5,867,0,867,315,"1,182",73.35
,崙雅村,0448,284,432,332,"1,048",9,"1,057",0,"1,057",322,"1,379",76.65
,劉厝村,0449,206,336,246,788,8,796,0,796,219,"1,015",78.42
,南口村,0450,209,219,207,635,9,644,0,644,226,870,74.02
,南口村,0451,228,224,250,702,5,707,0,707,257,964,73.34
,北口村,0452,243,279,262,784,14,798,0,798,286,"1,084",73.62
,北口村,0453,156,170,155,481,7,488,0,488,201,689,70.83
,中口村,0454,113,214,162,489,2,491,0,491,200,691,71.06
,文德村,0455,219,247,211,677,2,679,0,679,272,951,71.40
,文德村,0456,250,248,223,721,6,727,0,727,243,970,74.95
,文德村,0457,267,317,291,875,6,881,0,881,282,"1,163",75.75
,白沙村,0458,230,294,285,809,4,813,0,813,287,"1,100",73.91
,白沙村,0459,232,203,291,726,12,738,0,738,313,"1,051",70.22
,白沙村,0460,252,322,328,902,7,909,0,909,310,"1,219",74.57
,白沙村,0461,224,307,280,811,1,812,0,812,271,"1,083",74.98
,岩竹村,0462,254,384,288,926,11,937,0,937,341,"1,278",73.32
,長沙村,0463,174,244,302,720,6,726,0,726,354,"1,080",67.22
,長沙村,0464,285,325,303,913,5,918,0,918,353,"1,271",72.23
,長沙村,0465,319,279,341,939,8,947,0,947,289,"1,236",76.62
,長沙村,0466,272,303,329,904,7,911,0,911,282,"1,193",76.36
,橋頭村,0467,221,230,298,749,6,755,0,755,337,"1,092",69.14
,橋頭村,0468,234,237,262,733,3,736,0,736,254,990,74.34
,橋頭村,0469,240,246,299,785,7,792,0,792,292,"1,084",73.06
,灣雅村,0470,179,207,243,629,9,638,0,638,220,858,74.36
,灣東村,0471,172,239,223,634,3,637,0,637,236,873,72.97
,三春村,0472,202,223,257,682,10,692,0,692,254,946,73.15
,三春村,0473,190,239,206,635,4,639,0,639,270,909,70.30
,永春村,0474,234,203,252,689,8,697,1,698,257,955,72.98
,永春村,0475,203,180,217,600,3,603,0,603,285,888,67.91
,長春村,0476,200,177,214,591,4,595,0,595,262,857,69.43
,長春村,0477,151,166,142,459,4,463,0,463,235,698,66.33
　芬園鄉,,,"3,783","5,695","4,253","13,731",118,"13,849",0,"13,849","5,434","19,283",71.82
,舊社村,0478,198,251,211,660,7,667,0,667,250,917,72.74
,舊社村,0479,167,203,180,550,6,556,0,556,210,766,72.58
,大埔村,0480,119,171,153,443,2,445,0,445,179,624,71.31
,大埔村,0481,144,172,169,485,2,487,0,487,199,686,70.99
,竹林村,0482,188,271,228,687,3,690,0,690,205,895,77.09
,竹林村,0483,195,182,175,552,1,553,0,553,249,802,68.95
,楓坑村,0484,112,158,120,390,4,394,0,394,148,542,72.69
,社口村,0485,241,354,285,880,10,890,0,890,328,"1,218",73.07
,社口村,0486,235,334,292,861,3,864,0,864,325,"1,189",72.67
,茄荖村,0487,217,323,225,765,7,772,0,772,364,"1,136",67.96
,茄荖村,0488,220,357,228,805,8,813,0,813,291,"1,104",73.64
,嘉興村,0489,210,304,227,741,2,743,0,743,257,"1,000",74.30
,嘉興村,0490,110,144,182,436,5,441,0,441,120,561,78.61
,芬園村,0491,143,250,178,571,4,575,0,575,254,829,69.36
,縣庄村,0492,234,357,197,788,8,796,0,796,293,"1,089",73.09
,圳墘村,0493,116,200,105,421,7,428,0,428,185,613,69.82
,溪頭村,0494,141,275,183,599,3,602,0,602,209,811,74.23
,溪頭村,0495,180,220,149,549,4,553,0,553,235,788,70.18
,進芬村,0496,168,248,223,639,8,647,0,647,257,904,71.57
,同安村,0497,181,353,215,749,16,765,0,765,326,"1,091",70.12
,中崙村,0498,115,262,154,531,3,534,0,534,260,794,67.25
,大竹村,0499,149,306,174,629,5,634,0,634,290,924,68.61
　芳苑鄉,,,"4,160","7,498","5,649","17,307",188,"17,495",2,"17,497","9,740","27,237",64.23
,芳苑村,0500,122,273,139,534,7,541,0,541,357,898,60.24
,芳中村,0501,42,118,98,258,1,259,0,259,117,376,68.88
,仁愛村,0502,92,169,171,432,3,435,0,435,266,701,62.05
,信義村,0503,45,130,83,258,2,260,0,260,231,491,52.95
,後寮村,0504,139,203,235,577,5,582,0,582,317,899,64.74
,三合村,0505,199,314,256,769,13,782,0,782,404,"1,186",65.94
,三合村,0506,136,229,182,547,7,554,0,554,251,805,68.82
,永興村,0507,89,167,165,421,1,422,0,422,232,654,64.53
,永興村,0508,97,161,138,396,5,401,0,401,212,613,65.42
,新街村,0509,59,207,153,419,5,424,0,424,302,726,58.40
,路上村,0510,95,134,116,345,3,348,0,348,246,594,58.59
,路平村,0511,160,179,199,538,7,545,0,545,209,754,72.28
,三成村,0512,148,226,182,556,8,564,0,564,354,918,61.44
,福榮村,0513,58,154,105,317,5,322,0,322,202,524,61.45
,頂廍村,0514,91,157,110,358,6,364,0,364,169,533,68.29
,王功村,0515,140,363,154,657,6,663,0,663,341,"1,004",66.04
,王功村,0516,144,311,177,632,7,639,0,639,366,"1,005",63.58
,博愛村,0517,84,245,108,437,3,440,0,440,206,646,68.11
,和平村,0518,92,211,144,447,1,448,0,448,239,687,65.21
,興仁村,0519,75,186,70,331,4,335,0,335,200,535,62.62
,興仁村,0520,108,210,105,423,6,429,0,429,262,691,62.08
,民生村,0521,84,214,102,400,1,401,0,401,215,616,65.10
,新寶村,0522,128,182,172,482,9,491,0,491,356,847,57.97
,新寶村,0523,125,259,110,494,5,499,0,499,220,719,69.40
,五俊村,0524,46,116,98,260,0,260,0,260,202,462,56.28
,草湖村,0525,182,267,264,713,9,722,0,722,368,"1,090",66.24
,草湖村,0526,58,52,80,190,3,193,1,194,92,286,67.48
,建平村,0527,136,283,226,645,6,651,0,651,378,"1,029",63.27
,建平村,0528,172,239,216,627,2,629,0,629,334,963,65.32
,崙腳村,0529,122,154,180,456,13,469,0,469,265,734,63.90
,文津村,0530,142,221,211,574,8,582,1,583,399,982,59.27
,新生村,0531,80,139,105,324,2,326,0,326,186,512,63.67
,新生村,0532,102,206,149,457,4,461,0,461,259,720,64.03
,漢寶村,0533,150,224,165,539,5,544,0,544,277,821,66.26
,漢寶村,0534,213,332,249,794,11,805,0,805,344,"1,149",70.06
,漢寶村,0535,205,263,232,700,5,705,0,705,362,"1,067",66.07
　二林鎮,,,"7,249","9,912","10,384","27,545",297,"27,842",3,"27,845","12,993","40,838",68.18
,豐田里,0536,95,173,144,412,4,416,0,416,264,680,61.18
,豐田里,0537,207,204,262,673,8,681,1,682,311,993,68.58
,豐田里,0538,148,175,196,519,5,524,0,524,219,743,70.52
,東和里,0539,143,222,183,548,7,555,0,555,262,817,67.93
,東和里,0540,252,335,296,883,8,891,0,891,312,"1,203",74.06
,南光里,0541,153,229,293,675,4,679,0,679,294,973,69.78
,南光里,0542,244,246,301,791,8,799,0,799,305,"1,104",72.37
,南光里,0543,205,240,265,710,4,714,0,714,320,"1,034",69.05
,西平里,0544,277,379,367,"1,023",8,"1,031",0,"1,031",452,"1,483",69.52
,北平里,0545,169,242,237,648,6,654,0,654,283,937,69.80
,北平里,0546,197,255,227,679,6,685,0,685,316,"1,001",68.43
,北平里,0547,199,227,249,675,6,681,0,681,269,950,71.68
,中西里,0548,113,126,155,394,3,397,0,397,211,608,65.30
,中西里,0549,108,198,250,556,8,564,0,564,349,913,61.77
,廣興里,0550,196,314,303,813,9,822,1,823,439,"1,262",65.13
,香田里,0551,138,268,206,612,10,622,0,622,364,986,63.08
,外竹里,0552,138,235,218,591,5,596,0,596,327,923,64.57
,興華里,0553,170,259,338,767,8,775,0,775,340,"1,115",69.51
,東興里,0554,140,190,166,496,3,499,0,499,251,750,66.53
,東興里,0555,179,155,216,550,10,560,1,561,229,790,70.89
,後厝里,0556,184,231,237,652,10,662,0,662,296,958,69.10
,後厝里,0557,258,256,369,883,10,893,0,893,339,"1,232",72.48
,後厝里,0558,295,247,291,833,10,843,0,843,376,"1,219",69.16
,頂厝里,0559,201,264,274,739,11,750,0,750,496,"1,246",60.19
,趙甲里,0560,120,192,157,469,8,477,0,477,197,674,70.77
,趙甲里,0561,132,163,212,507,7,514,0,514,284,798,64.41
,振興里,0562,196,244,285,725,6,731,0,731,374,"1,105",66.15
,萬興里,0563,131,173,198,502,7,509,0,509,211,720,70.69
,永興里,0564,134,226,184,544,7,551,0,551,246,797,69.13
,永興里,0565,85,141,173,399,6,405,0,405,220,625,64.80
,西庄里,0566,237,373,258,868,9,877,0,877,393,"1,270",69.06
,梅芳里,0567,188,256,263,707,4,711,0,711,319,"1,030",69.03
,華崙里,0568,175,229,336,740,9,749,0,749,363,"1,112",67.36
,華崙里,0569,245,303,328,876,7,883,0,883,396,"1,279",69.04
,華崙里,0570,145,214,296,655,8,663,0,663,311,974,68.07
,萬合里,0571,145,220,285,650,6,656,0,656,375,"1,031",63.63
,東勢里,0572,163,208,234,605,5,610,0,610,315,925,65.95
,大永里,0573,158,205,202,565,6,571,0,571,249,820,69.63
,原斗里,0574,194,329,323,846,8,854,0,854,317,"1,171",72.93
,西斗里,0575,171,253,263,687,8,695,0,695,294,989,70.27
,東華里,0576,113,323,205,641,9,650,0,650,286,936,69.44
,復豐里,0577,108,190,139,437,6,443,0,443,219,662,66.92
　埔鹽鄉,,,"5,418","6,364","7,335","19,117",165,"19,282",0,"19,282","7,553","26,835",71.85
,埔鹽村,0578,165,233,228,626,9,635,0,635,226,861,73.75
,埔鹽村,0579,191,182,221,594,5,599,0,599,160,759,78.92
,埔南村,0580,135,188,210,533,2,535,0,535,180,715,74.83
,埔南村,0581,158,215,192,565,3,568,0,568,218,786,72.26
,廍子村,0582,267,280,347,894,6,900,0,900,295,"1,195",75.31
,出水村,0583,178,208,255,641,1,642,0,642,226,868,73.96
,南港村,0584,226,206,228,660,7,667,0,667,220,887,75.20
,南港村,0585,168,192,219,579,5,584,0,584,246,830,70.36
,打廉村,0586,180,240,201,621,8,629,0,629,264,893,70.44
,豐澤村,0587,237,333,333,903,7,910,0,910,353,"1,263",72.05
,崑崙村,0588,189,260,307,756,4,760,0,760,266,"1,026",74.07
,角樹村,0589,118,166,191,475,6,481,0,481,171,652,73.77
,瓦磘村,0590,245,309,307,861,7,868,0,868,303,"1,171",74.12
,好修村,0591,187,155,236,578,1,579,0,579,239,818,70.78
,好修村,0592,258,209,250,717,2,719,0,719,297,"1,016",70.77
,西湖村,0593,199,251,202,652,2,654,0,654,290,944,69.28
,西湖村,0594,174,222,318,714,9,723,0,723,299,"1,022",70.74
,大有村,0595,218,311,278,807,7,814,0,814,322,"1,136",71.65
,新興村,0596,87,92,146,325,2,327,0,327,97,424,77.12
,永平村,0597,204,237,286,727,7,734,0,734,330,"1,064",68.98
,永樂村,0598,154,212,221,587,6,593,0,593,217,810,73.21
,石埤村,0599,160,187,145,492,4,496,0,496,215,711,69.76
,石埤村,0600,133,182,131,446,8,454,0,454,215,669,67.86
,天盛村,0601,156,160,246,562,6,568,0,568,229,797,71.27
,太平村,0602,133,174,225,532,2,534,0,534,251,785,68.03
,太平村,0603,125,172,185,482,9,491,0,491,215,706,69.55
,新水村,0604,127,110,231,468,6,474,0,474,211,685,69.20
,新水村,0605,138,116,259,513,5,518,0,518,237,755,68.61
,三省村,0606,117,165,200,482,7,489,0,489,173,662,73.87
,三省村,0607,129,140,156,425,5,430,0,430,217,647,66.46
,南新村,0608,262,257,381,900,7,907,0,907,371,"1,278",70.97
　溪湖鎮,,,"9,290","11,359","10,675","31,324",270,"31,594",0,"31,594","11,882","43,476",72.67
,光平里,0609,216,316,292,824,9,833,0,833,294,"1,127",73.91
,平和里,0610,106,178,171,455,3,458,0,458,131,589,77.76
,太平里,0611,161,191,200,552,1,553,0,553,200,753,73.44
,太平里,0612,195,199,273,667,0,667,0,667,259,926,72.03
,光華里,0613,82,96,131,309,4,313,0,313,94,407,76.90
,湖東里,0614,214,301,175,690,2,692,0,692,301,993,69.69
,湖東里,0615,188,306,271,765,2,767,0,767,302,"1,069",71.75
,湖東里,0616,288,283,289,860,8,868,0,868,278,"1,146",75.74
,湖東里,0617,289,317,301,907,9,916,0,916,308,"1,224",74.84
,中山里,0618,198,278,298,774,8,782,0,782,282,"1,064",73.50
,中山里,0619,236,303,279,818,4,822,0,822,338,"1,160",70.86
,西溪里,0620,202,215,202,619,7,626,0,626,240,866,72.29
,西溪里,0621,200,238,228,666,6,672,0,672,192,864,77.78
,中竹里,0622,160,201,186,547,0,547,0,547,202,749,73.03
,東寮里,0623,303,303,328,934,4,938,0,938,328,"1,266",74.09
,東寮里,0624,209,258,288,755,7,762,0,762,304,"1,066",71.48
,東寮里,0625,245,246,295,786,6,792,0,792,309,"1,101",71.93
,西寮里,0626,245,290,334,869,11,880,0,880,269,"1,149",76.59
,西寮里,0627,227,256,236,719,4,723,0,723,232,955,75.71
,大突里,0628,279,264,291,834,8,842,0,842,308,"1,150",73.22
,大突里,0629,226,238,252,716,3,719,0,719,313,"1,032",69.67
,大突里,0630,296,281,345,922,6,928,0,928,309,"1,237",75.02
,北勢里,0631,297,390,322,"1,009",13,"1,022",0,"1,022",365,"1,387",73.68
,汴頭里,0632,209,269,212,690,7,697,0,697,274,971,71.78
,汴頭里,0633,215,266,250,731,4,735,0,735,256,991,74.17
,汴頭里,0634,227,255,228,710,3,713,0,713,259,972,73.35
,大竹里,0635,239,336,332,907,10,917,0,917,356,"1,273",72.03
,大竹里,0636,250,282,276,808,5,813,0,813,294,"1,107",73.44
,湖西里,0637,238,259,278,775,7,782,0,782,330,"1,112",70.32
,湖西里,0638,225,296,282,803,7,810,0,810,293,"1,103",73.44
,田中里,0639,137,260,171,568,8,576,0,576,209,785,73.38
,河東里,0640,192,241,201,634,4,638,0,638,239,877,72.75
,河東里,0641,169,225,205,599,9,608,0,608,265,873,69.64
,頂庄里,0642,152,140,154,446,1,447,0,447,199,646,69.20
,忠覺里,0643,258,299,309,866,7,873,0,873,317,"1,190",73.36
,湳底里,0644,130,190,145,465,6,471,0,471,168,639,73.71
,大庭里,0645,263,329,343,935,13,948,0,948,367,"1,315",72.09
,媽厝里,0646,221,366,220,807,15,822,0,822,376,"1,198",68.61
,番婆里,0647,161,253,213,627,7,634,0,634,284,918,69.06
,番婆里,0648,166,194,188,548,6,554,0,554,219,773,71.67
,西勢里,0649,230,270,200,700,11,711,0,711,326,"1,037",68.56
,西勢里,0650,244,273,243,760,10,770,0,770,318,"1,088",70.77
,東溪里,0651,302,408,238,948,5,953,0,953,375,"1,328",71.76
　埔心鄉,,,"6,219","8,340","6,485","21,044",171,"21,215",0,"21,215","7,639","28,854",73.53
,東門村,0652,221,304,249,774,3,777,0,777,270,"1,047",74.21
,東門村,0653,233,329,252,814,7,821,0,821,260,"1,081",75.95
,東門村,0654,302,350,317,969,6,975,0,975,265,"1,240",78.63
,埔心村,0655,221,360,270,851,4,855,0,855,303,"1,158",73.83
,義民村,0656,192,233,211,636,4,640,0,640,204,844,75.83
,義民村,0657,135,182,183,500,9,509,0,509,167,676,75.30
,油車村,0658,237,325,311,873,11,884,0,884,307,"1,191",74.22
,瓦北村,0659,132,170,129,431,4,435,0,435,145,580,75.00
,瓦北村,0660,227,355,235,817,8,825,0,825,272,"1,097",75.21
,瓦中村,0661,309,324,236,869,8,877,0,877,328,"1,205",72.78
,瓦中村,0662,164,243,181,588,4,592,0,592,235,827,71.58
,瓦南村,0663,175,252,151,578,4,582,0,582,179,761,76.48
,瓦南村,0664,138,165,168,471,7,478,0,478,159,637,75.04
,經口村,0665,285,386,306,977,7,984,0,984,339,"1,323",74.38
,經口村,0666,178,312,171,661,6,667,0,667,295,962,69.33
,太平村,0667,215,271,208,694,7,701,0,701,262,963,72.79
,太平村,0668,214,277,237,728,6,734,0,734,265,999,73.47
,大華村,0669,136,184,145,465,7,472,0,472,163,635,74.33
,仁里村,0670,268,308,295,871,6,877,0,877,336,"1,213",72.30
,舊舘村,0671,164,224,147,535,4,539,0,539,175,714,75.49
,舊舘村,0672,164,202,170,536,6,542,0,542,204,746,72.65
,南舘村,0673,209,300,219,728,2,730,0,730,279,"1,009",72.35
,新舘村,0674,235,240,195,670,4,674,0,674,287,961,70.14
,芎蕉村,0675,223,286,162,671,4,675,0,675,253,928,72.74
,芎蕉村,0676,213,278,202,693,5,698,0,698,235,933,74.81
,羅厝村,0677,114,212,130,456,4,460,0,460,178,638,72.10
,羅厝村,0678,115,197,117,429,2,431,0,431,196,627,68.74
,梧鳳村,0679,139,251,194,584,2,586,0,586,261,847,69.19
,二重村,0680,296,452,281,"1,029",10,"1,039",0,"1,039",383,"1,422",73.07
,埤霞村,0681,153,186,176,515,4,519,0,519,182,701,74.04
,埤脚村,0682,212,182,237,631,6,637,0,637,252,889,71.65
　大城鄉,,,"1,878","3,001","3,064","7,943",97,"8,040",0,"8,040","5,319","13,359",60.18
,山腳村,0683,134,310,248,692,8,700,0,700,508,"1,208",57.95
,潭墘村,0684,121,317,180,618,9,627,0,627,390,"1,017",61.65
,大城村,0685,158,178,254,590,7,597,0,597,316,913,65.39
,東城村,0686,211,262,322,795,8,803,0,803,416,"1,219",65.87
,西城村,0687,126,179,147,452,5,457,0,457,290,747,61.18
,上山村,0688,62,98,120,280,4,284,0,284,201,485,58.56
,上山村,0689,94,126,123,343,3,346,0,346,170,516,67.05
,永和村,0690,92,138,143,373,7,380,0,380,263,643,59.10
,公館村,0691,49,65,86,200,2,202,0,202,145,347,58.21
,公館村,0692,62,140,161,363,4,367,0,367,237,604,60.76
,豐美村,0693,114,197,149,460,11,471,0,471,324,795,59.25
,三豐村,0694,60,115,128,303,3,306,0,306,274,580,52.76
,菜寮村,0695,164,178,239,581,7,588,0,588,387,975,60.31
,東港村,0696,161,209,276,646,8,654,0,654,446,"1,100",59.45
,西港村,0697,112,159,217,488,2,490,0,490,331,821,59.68
,頂庄村,0698,50,138,119,307,4,311,0,311,276,587,52.98
,臺西村,0699,108,192,152,452,5,457,0,457,345,802,56.98
　竹塘鄉,,,"1,965","3,551","2,476","7,992",74,"8,066",0,"8,066","3,916","11,982",67.32
,竹元村,0700,226,291,263,780,10,790,0,790,325,"1,115",70.85
,竹塘村,0701,197,229,230,656,6,662,0,662,294,956,69.25
,竹塘村,0702,158,260,263,681,5,686,0,686,280,966,71.01
,小西村,0703,96,166,171,433,4,437,0,437,214,651,67.13
,民靖村,0704,118,185,163,466,2,468,0,468,237,705,66.38
,五庄村,0705,110,231,110,451,5,456,0,456,279,735,62.04
,五庄村,0706,135,234,104,473,2,475,0,475,229,704,67.47
,樹腳村,0707,120,219,104,443,3,446,0,446,166,612,72.88
,田頭村,0708,162,271,192,625,9,634,0,634,385,"1,019",62.22
,新廣村,0709,156,323,193,672,4,676,0,676,341,"1,017",66.47
,溪墘村,0710,66,150,101,317,4,321,0,321,122,443,72.46
,竹林村,0711,101,209,167,477,3,480,0,480,273,753,63.75
,土庫村,0712,95,190,127,412,3,415,0,415,160,575,72.17
,內新村,0713,58,174,89,321,4,325,0,325,162,487,66.74
,長安村,0714,102,253,125,480,6,486,0,486,242,728,66.76
,永安村,0715,65,166,74,305,4,309,0,309,207,516,59.88
　埤頭鄉,,,"4,747","6,556","5,508","16,811",150,"16,961",0,"16,961","7,537","24,498",69.23
,和豊村,0716,210,296,208,714,10,724,0,724,327,"1,051",68.89
,和豊村,0717,237,290,304,831,9,840,0,840,429,"1,269",66.19
,興農村,0718,247,239,232,718,8,726,0,726,264,990,73.33
,興農村,0719,126,201,165,492,2,494,0,494,275,769,64.24
,埤頭村,0720,111,193,139,443,10,453,0,453,212,665,68.12
,埤頭村,0721,135,270,152,557,8,565,0,565,259,824,68.57
,豊崙村,0722,220,195,283,698,3,701,0,701,348,"1,049",66.83
,豊崙村,0723,213,208,286,707,8,715,0,715,368,"1,083",66.02
,崙子村,0724,193,330,293,816,6,822,0,822,354,"1,176",69.90
,永豐村,0725,191,174,209,574,8,582,0,582,290,872,66.74
,永豐村,0726,105,203,133,441,5,446,0,446,185,631,70.68
,合興村,0727,163,271,300,734,3,737,0,737,251,988,74.60
,合興村,0728,281,261,361,903,5,908,0,908,389,"1,297",70.01
,合興村,0729,150,235,223,608,4,612,0,612,255,867,70.59
,平原村,0730,208,230,220,658,4,662,0,662,292,954,69.39
,平原村,0731,333,268,291,892,10,902,0,902,350,"1,252",72.04
,崙腳村,0732,143,196,160,499,7,506,0,506,187,693,73.02
,元埔村,0733,96,175,120,391,3,394,0,394,159,553,71.25
,芙朝村,0734,119,157,184,460,2,462,0,462,246,708,65.25
,芙朝村,0735,135,209,143,487,4,491,0,491,205,696,70.55
,新庄村,0736,152,365,160,677,5,682,0,682,277,959,71.12
,陸嘉村,0737,182,231,144,557,1,558,0,558,221,779,71.63
,竹圍村,0738,204,308,194,706,5,711,0,711,337,"1,048",67.84
,中和村,0739,102,234,142,478,1,479,0,479,192,671,71.39
,中和村,0740,145,196,147,488,3,491,0,491,223,714,68.77
,庄內村,0741,191,341,161,693,9,702,0,702,350,"1,052",66.73
,大湖村,0742,155,280,154,589,7,596,0,596,292,888,67.12
　北斗鎮,,,"5,543","7,642","6,495","19,680",149,"19,829",0,"19,829","7,432","27,261",72.74
,中寮里,0743,188,291,187,666,6,672,0,672,223,895,75.08
,中寮里,0744,182,287,171,640,5,645,0,645,251,896,71.99
,中寮里,0745,151,228,199,578,6,584,0,584,263,847,68.95
,大道里,0746,253,330,241,824,3,827,0,827,273,"1,100",75.18
,大道里,0747,159,297,152,608,3,611,0,611,208,819,74.60
,西德里,0748,197,282,287,766,6,772,0,772,290,"1,062",72.69
,西德里,0749,215,298,293,806,5,811,0,811,241,"1,052",77.09
,西德里,0750,227,367,258,852,6,858,0,858,299,"1,157",74.16
,西德里,0751,241,333,257,831,11,842,0,842,325,"1,167",72.15
,西安里,0752,167,206,201,574,2,576,0,576,191,767,75.10
,西安里,0753,179,253,222,654,7,661,0,661,285,946,69.87
,光復里,0754,130,229,203,562,5,567,0,567,220,787,72.05
,光復里,0755,210,237,247,694,1,695,0,695,251,946,73.47
,新政里,0756,129,204,188,521,0,521,0,521,226,747,69.75
,重慶里,0757,84,164,122,370,1,371,0,371,136,507,73.18
,五權里,0758,108,184,154,446,6,452,0,452,170,622,72.67
,七星里,0759,122,216,144,482,0,482,0,482,159,641,75.20
,七星里,0760,138,219,155,512,3,515,0,515,215,730,70.55
,居仁里,0761,131,158,164,453,4,457,0,457,130,587,77.85
,居仁里,0762,98,163,213,474,4,478,0,478,147,625,76.48
,東光里,0763,246,315,261,822,6,828,0,828,291,"1,119",73.99
,東光里,0764,240,328,256,824,7,831,0,831,275,"1,106",75.14
,文昌里,0765,202,261,246,709,3,712,0,712,256,968,73.55
,文昌里,0766,247,256,273,776,6,782,0,782,292,"1,074",72.81
,文昌里,0767,250,294,245,789,10,799,0,799,306,"1,105",72.31
,中和里,0768,250,342,293,885,9,894,0,894,350,"1,244",71.86
,新生里,0769,217,264,211,692,9,701,0,701,338,"1,039",67.47
,新生里,0770,175,198,241,614,7,621,0,621,304,925,67.14
,大新里,0771,190,204,188,582,3,585,0,585,245,830,70.48
,大新里,0772,217,234,223,674,5,679,0,679,272,951,71.40
　溪州鄉,,,"4,347","7,675","4,929","16,951",187,"17,138",0,"17,138","7,143","24,281",70.58
,溪厝村,0773,135,236,182,553,3,556,0,556,224,780,71.28
,溪厝村,0774,191,303,181,675,12,687,0,687,325,"1,012",67.89
,坑厝村,0775,122,199,138,459,7,466,0,466,194,660,70.61
,瓦厝村,0776,159,317,174,650,5,655,0,655,185,840,77.98
,溪州村,0777,125,202,137,464,2,466,0,466,143,609,76.52
,溪州村,0778,203,240,206,649,7,656,0,656,227,883,74.29
,尾厝村,0779,219,252,224,695,9,704,0,704,242,946,74.42
,尾厝村,0780,164,250,183,597,10,607,0,607,227,834,72.78
,東州村,0781,234,350,236,820,8,828,0,828,292,"1,120",73.93
,東州村,0782,152,262,192,606,1,607,0,607,184,791,76.74
,舊眉村,0783,111,211,122,444,6,450,0,450,190,640,70.31
,舊眉村,0784,130,278,151,559,4,563,0,563,233,796,70.73
,圳寮村,0785,133,210,182,525,6,531,0,531,210,741,71.66
,圳寮村,0786,124,228,116,468,11,479,0,479,168,647,74.03
,西畔村,0787,163,341,187,691,8,699,0,699,327,"1,026",68.13
,西畔村,0788,146,256,157,559,3,562,0,562,318,880,63.86
,柑園村,0789,179,271,271,721,13,734,0,734,351,"1,085",67.65
,成功村,0790,141,286,185,612,3,615,0,615,283,898,68.49
,成功村,0791,136,247,199,582,5,587,0,587,232,819,71.67
,大庄村,0792,111,274,148,533,10,543,0,543,273,816,66.54
,大庄村,0793,184,296,150,630,5,635,0,635,324,959,66.21
,榮光村,0794,133,172,227,532,1,533,0,533,261,794,67.13
,潮洋村,0795,113,267,158,538,8,546,0,546,246,792,68.94
,張厝村,0796,105,210,110,425,7,432,0,432,203,635,68.03
,菜公村,0797,143,255,172,570,12,582,0,582,231,813,71.59
,三條村,0798,104,343,109,556,4,560,0,560,238,798,70.18
,三圳村,0799,198,383,248,829,10,839,0,839,353,"1,192",70.39
,水尾村,0800,137,235,82,454,3,457,0,457,224,681,67.11
,水尾村,0801,152,301,102,555,4,559,0,559,235,794,70.40
　大村鄉,,,"7,611","9,025","7,616","24,252",206,"24,458",0,"24,458","9,018","33,476",73.06
,大村村,0802,267,306,264,837,6,843,0,843,351,"1,194",70.60
,大村村,0803,284,332,268,884,8,892,0,892,313,"1,205",74.02
,大村村,0804,352,325,288,965,7,972,0,972,256,"1,228",79.15
,茄苳村,0805,164,210,199,573,6,579,0,579,209,788,73.48
,茄苳村,0806,154,224,163,541,3,544,0,544,183,727,74.83
,田洋村,0807,281,304,288,873,4,877,0,877,341,"1,218",72.00
,貢旗村,0808,156,205,159,520,3,523,0,523,177,700,74.71
,貢旗村,0809,208,243,193,644,4,648,0,648,227,875,74.06
,南勢村,0810,166,262,158,586,5,591,0,591,189,780,75.77
,南勢村,0811,185,147,165,497,3,500,0,500,178,678,73.75
,大橋村,0812,163,193,229,585,5,590,0,590,220,810,72.84
,大橋村,0813,236,318,291,845,7,852,0,852,321,"1,173",72.63
,加錫村,0814,176,210,162,548,6,554,0,554,196,750,73.87
,加錫村,0815,239,226,190,655,9,664,0,664,248,912,72.81
,大崙村,0816,197,214,217,628,4,632,0,632,222,854,74.00
,大崙村,0817,168,241,142,551,7,558,0,558,227,785,71.08
,新興村,0818,243,345,250,838,8,846,0,846,343,"1,189",71.15
,擺塘村,0819,312,394,280,986,15,"1,001",0,"1,001",383,"1,384",72.33
,擺塘村,0820,278,393,284,955,6,961,0,961,319,"1,280",75.08
,過溝村,0821,277,246,356,879,4,883,0,883,264,"1,147",76.98
,過溝村,0822,211,244,184,639,6,645,0,645,252,897,71.91
,過溝村,0823,335,262,272,869,11,880,0,880,258,"1,138",77.33
,村上村,0824,159,228,196,583,4,587,0,587,216,803,73.10
,村上村,0825,125,174,166,465,4,469,0,469,173,642,73.05
,美港村,0826,212,311,238,761,8,769,0,769,256,"1,025",75.02
,美港村,0827,249,298,227,774,4,778,0,778,259,"1,037",75.02
,美港村,0828,207,267,207,681,6,687,0,687,306,993,69.18
,黃厝村,0829,233,279,249,761,6,767,0,767,347,"1,114",68.85
,黃厝村,0830,290,350,310,950,10,960,0,960,425,"1,385",69.31
,福興村,0831,223,309,228,760,6,766,0,766,304,"1,070",71.59
,福興村,0832,246,262,257,765,9,774,0,774,324,"1,098",70.49
,平和村,0833,280,361,255,896,3,899,0,899,332,"1,231",73.03
,平和村,0834,335,342,281,958,9,967,0,967,399,"1,366",70.79
　員林市,,,"21,049","27,276","24,645","72,970",531,"73,501",1,"73,502","26,314","99,816",73.64
,崙雅里,0835,183,199,349,731,5,736,0,736,243,979,75.18
,崙雅里,0836,251,341,304,896,13,909,0,909,311,"1,220",74.51
,振興里,0837,315,366,291,972,12,984,0,984,354,"1,338",73.54
,振興里,0838,264,300,337,901,10,911,0,911,377,"1,288",70.73
,林厝里,0839,214,290,207,711,5,716,0,716,301,"1,017",70.40
,林厝里,0840,186,227,212,625,5,630,0,630,293,923,68.26
,林厝里,0841,151,210,133,494,2,496,0,496,250,746,66.49
,出水里,0842,185,265,194,644,9,653,0,653,265,918,71.13
,出水里,0843,138,246,151,535,4,539,0,539,230,769,70.09
,湖水里,0844,215,342,195,752,6,758,0,758,355,"1,113",68.10
,大峯里,0845,132,156,229,517,6,523,0,523,170,693,75.47
,鎮興里,0846,229,272,257,758,5,763,0,763,319,"1,082",70.52
,鎮興里,0847,152,256,167,575,5,580,0,580,249,829,69.96
,浮圳里,0848,216,254,240,710,6,716,0,716,297,"1,013",70.68
,浮圳里,0849,223,297,282,802,9,811,0,811,302,"1,113",72.87
,西東里,0850,175,275,174,624,5,629,0,629,278,907,69.35
,西東里,0851,191,314,197,702,10,712,0,712,228,940,75.74
,南東里,0852,188,252,204,644,5,649,0,649,280,929,69.86
,南東里,0853,166,203,162,531,7,538,0,538,200,738,72.90
,中東里,0854,197,177,221,595,5,600,0,600,237,837,71.68
,中東里,0855,181,238,161,580,4,584,0,584,279,863,67.67
,東北里,0856,210,278,238,726,10,736,0,736,273,"1,009",72.94
,東北里,0857,267,287,264,818,10,828,0,828,336,"1,164",71.13
,東和里,0858,217,219,274,710,5,715,0,715,283,998,71.64
,民生里,0859,177,221,193,591,5,596,0,596,239,835,71.38
,民生里,0860,162,254,218,634,4,638,0,638,250,888,71.85
,民生里,0861,171,223,238,632,11,643,0,643,207,850,75.65
,黎明里,0862,142,211,184,537,2,539,0,539,285,824,65.41
,黎明里,0863,185,227,234,646,3,649,0,649,254,903,71.87
,惠來里,0864,201,300,246,747,6,753,0,753,275,"1,028",73.25
,惠來里,0865,196,298,266,760,6,766,0,766,279,"1,045",73.30
,惠來里,0866,221,283,237,741,14,755,0,755,272,"1,027",73.52
,惠來里,0867,335,372,300,"1,007",3,"1,010",0,"1,010",302,"1,312",76.98
,惠來里,0868,222,287,286,795,4,799,0,799,272,"1,071",74.60
,中央里,0869,218,266,292,776,3,779,0,779,252,"1,031",75.56
,中央里,0870,177,300,185,662,5,667,0,667,198,865,77.11
,溝皂里,0871,357,415,300,"1,072",4,"1,076",0,"1,076",314,"1,390",77.41
,溝皂里,0872,241,324,329,894,3,897,0,897,274,"1,171",76.60
,大饒里,0873,175,300,242,717,4,721,0,721,275,996,72.39
,大饒里,0874,181,284,271,736,9,745,0,745,298,"1,043",71.43
,大饒里,0875,262,338,328,928,4,932,0,932,321,"1,253",74.38
,大明里,0876,293,381,269,943,7,950,0,950,245,"1,195",79.50
,大明里,0877,187,303,237,727,11,738,0,738,293,"1,031",71.58
,萬年里,0878,157,229,196,582,5,587,0,587,275,862,68.10
,萬年里,0879,239,295,299,833,6,839,0,839,269,"1,108",75.72
,萬年里,0880,165,244,197,606,2,608,0,608,186,794,76.57
,萬年里,0881,209,213,272,694,4,698,0,698,161,859,81.26
,中正里,0882,140,214,196,550,2,552,0,552,234,786,70.23
,中正里,0883,253,282,325,860,6,866,0,866,266,"1,132",76.50
,中正里,0884,257,285,261,803,2,805,0,805,245,"1,050",76.67
,仁美里,0885,136,208,188,532,2,534,0,534,253,787,67.85
,仁美里,0886,150,234,235,619,3,622,0,622,212,834,74.58
,仁美里,0887,137,215,232,584,0,584,0,584,217,801,72.91
,新興里,0888,114,216,165,495,5,500,0,500,160,660,75.76
,和平里,0889,153,215,231,599,4,603,0,603,224,827,72.91
,和平里,0890,195,202,233,630,6,636,0,636,228,864,73.61
,和平里,0891,206,283,228,717,5,722,0,722,308,"1,030",70.10
,光明里,0892,140,217,199,556,5,561,0,561,172,733,76.53
,中山里,0893,98,151,149,398,4,402,0,402,132,534,75.28
,三條里,0894,269,367,323,959,4,963,0,963,303,"1,266",76.07
,三條里,0895,295,381,390,"1,066",11,"1,077",0,"1,077",331,"1,408",76.49
,忠孝里,0896,241,346,303,890,9,899,0,899,358,"1,257",71.52
,忠孝里,0897,176,212,228,616,4,620,0,620,252,872,71.10
,仁愛里,0898,151,202,186,539,2,541,0,541,148,689,78.52
,仁愛里,0899,119,175,147,441,2,443,0,443,140,583,75.99
,三和里,0900,253,328,313,894,3,897,0,897,260,"1,157",77.53
,三和里,0901,174,210,187,571,4,575,0,575,257,832,69.11
,三和里,0902,268,291,267,826,12,838,0,838,289,"1,127",74.36
,三和里,0903,218,278,258,754,3,757,0,757,409,"1,166",64.92
,三和里,0904,198,215,260,673,5,678,0,678,240,918,73.86
,三和里,0905,198,242,213,653,5,658,0,658,206,864,76.16
,三橋里,0906,177,276,227,680,2,682,0,682,222,904,75.44
,三橋里,0907,264,285,289,838,6,844,0,844,228,"1,072",78.73
,三橋里,0908,226,261,231,718,3,721,0,721,202,923,78.11
,三愛里,0909,230,235,234,699,4,703,0,703,209,912,77.08
,三愛里,0910,168,243,209,620,2,622,0,622,197,819,75.95
,三愛里,0911,330,320,281,931,5,936,0,936,263,"1,199",78.07
,三信里,0912,260,278,360,898,8,906,0,906,298,"1,204",75.25
,三信里,0913,210,289,279,778,6,784,0,784,234,"1,018",77.01
,三多里,0914,266,326,331,923,8,931,0,931,346,"1,277",72.91
,三多里,0915,362,449,334,"1,145",3,"1,148",0,"1,148",297,"1,445",79.45
,三義里,0916,224,313,285,822,9,831,0,831,334,"1,165",71.33
,三義里,0917,292,310,279,881,2,883,0,883,316,"1,199",73.64
,新生里,0918,271,403,318,992,5,997,0,997,318,"1,315",75.82
,新生里,0919,200,296,254,750,3,753,0,753,254,"1,007",74.78
,新生里,0920,178,229,237,644,1,645,0,645,143,788,81.85
,新生里,0921,168,219,216,603,4,607,0,607,255,862,70.42
,南平里,0922,260,303,302,865,7,872,0,872,296,"1,168",74.66
,南平里,0923,282,346,287,915,3,918,0,918,334,"1,252",73.32
,南平里,0924,348,292,271,911,4,915,0,915,335,"1,250",73.20
,南平里,0925,169,250,236,655,1,656,0,656,206,862,76.10
,南平里,0926,175,296,207,678,4,682,0,682,193,875,77.94
,南興里,0927,232,300,177,709,3,712,0,712,211,923,77.14
,南興里,0928,174,230,217,621,5,626,0,626,226,852,73.47
,南興里,0929,187,218,241,646,4,650,1,651,218,869,74.80
,南興里,0930,200,196,268,664,5,669,0,669,288,957,69.91
,南興里,0931,221,252,274,747,2,749,0,749,316,"1,065",70.33
,源潭里,0932,199,284,158,641,6,647,0,647,215,862,75.06
,源潭里,0933,149,215,159,523,6,529,0,529,224,753,70.25
,大埔里,0934,199,276,268,743,6,749,0,749,285,"1,034",72.44
,大埔里,0935,170,285,237,692,8,700,0,700,301,"1,001",69.93
　永靖鄉,,,"6,092","8,485","7,057","21,634",197,"21,831",0,"21,831","7,907","29,738",73.41
,浮圳村,0936,262,293,274,829,8,837,0,837,327,"1,164",71.91
,東寧村,0937,170,254,191,615,7,622,0,622,234,856,72.66
,東寧村,0938,211,281,223,715,6,721,0,721,323,"1,044",69.06
,光雲村,0939,113,197,133,443,5,448,0,448,221,669,66.97
,光雲村,0940,183,252,190,625,9,634,0,634,218,852,74.41
,五汴村,0941,129,204,113,446,8,454,0,454,161,615,73.82
,五汴村,0942,117,241,157,515,4,519,0,519,172,691,75.11
,永興村,0943,171,210,130,511,6,517,0,517,186,703,73.54
,永興村,0944,187,189,206,582,8,590,0,590,209,799,73.84
,崙子村,0945,275,408,298,981,7,988,0,988,362,"1,350",73.19
,永東村,0946,178,185,216,579,2,581,0,581,173,754,77.06
,永西村,0947,126,209,149,484,6,490,0,490,169,659,74.36
,永西村,0948,177,225,191,593,6,599,0,599,187,786,76.21
,永南村,0949,183,267,279,729,3,732,0,732,236,968,75.62
,永南村,0950,154,218,184,556,4,560,0,560,179,739,75.78
,永北村,0951,224,331,242,797,8,805,0,805,230,"1,035",77.78
,永北村,0952,272,258,247,777,6,783,0,783,272,"1,055",74.22
,港西村,0953,173,253,202,628,2,630,0,630,213,843,74.73
,港西村,0954,178,219,164,561,4,565,0,565,194,759,74.44
,五福村,0955,150,224,199,573,6,579,0,579,208,787,73.57
,五福村,0956,95,165,150,410,5,415,0,415,195,610,68.03
,湳港村,0957,221,320,185,726,7,733,0,733,324,"1,057",69.35
,新莊村,0958,220,231,273,724,8,732,0,732,312,"1,044",70.11
,瑚璉村,0959,285,382,375,"1,042",11,"1,053",0,"1,053",344,"1,397",75.38
,瑚璉村,0960,282,363,291,936,5,941,0,941,289,"1,230",76.50
,獨鰲村,0961,156,217,201,574,3,577,0,577,214,791,72.95
,敦厚村,0962,139,187,173,499,7,506,0,506,176,682,74.19
,崙美村,0963,151,234,171,556,9,565,0,565,165,730,77.40
,同安村,0964,118,184,162,464,2,466,0,466,172,638,73.04
,同仁村,0965,147,198,213,558,4,562,0,562,244,806,69.73
,湳墘村,0966,154,211,182,547,6,553,0,553,229,782,70.72
,四芳村,0967,90,179,154,423,5,428,0,428,159,587,72.91
,福興村,0968,185,239,311,735,4,739,0,739,297,"1,036",71.33
,竹子村,0969,216,457,228,901,6,907,0,907,313,"1,220",74.34
　社頭鄉,,,"7,242","10,219","7,823","25,284",229,"25,513",0,"25,513","9,522","35,035",72.82
,社頭村,0970,154,249,139,542,3,545,0,545,209,754,72.28
,社頭村,0971,193,282,227,702,5,707,0,707,260,967,73.11
,社頭村,0972,165,312,187,664,5,669,0,669,261,930,71.94
,廣興村,0973,175,280,214,669,9,678,0,678,285,963,70.40
,廣興村,0974,215,289,208,712,14,726,0,726,295,"1,021",71.11
,廣興村,0975,243,346,253,842,7,849,0,849,302,"1,151",73.76
,廣興村,0976,242,322,232,796,9,805,0,805,296,"1,101",73.12
,東興村,0977,162,221,178,561,10,571,0,571,208,779,73.30
,東興村,0978,106,198,142,446,3,449,0,449,196,645,69.61
,松竹村,0979,230,318,216,764,5,769,0,769,252,"1,021",75.32
,舊社村,0980,166,295,174,635,5,640,0,640,211,851,75.21
,舊社村,0981,181,197,167,545,3,548,0,548,191,739,74.15
,廣福村,0982,184,278,200,662,5,667,0,667,226,893,74.69
,橋頭村,0983,194,309,200,703,6,709,0,709,261,970,73.09
,橋頭村,0984,246,257,208,711,10,721,0,721,287,"1,008",71.53
,新厝村,0985,145,170,177,492,5,497,0,497,195,692,71.82
,新厝村,0986,139,206,133,478,3,481,0,481,154,635,75.75
,張厝村,0987,228,347,281,856,8,864,0,864,333,"1,197",72.18
,湳底村,0988,133,231,143,507,6,513,0,513,183,696,73.71
,湳底村,0989,192,288,204,684,4,688,0,688,303,991,69.42
,仁雅村,0990,170,231,186,587,3,590,0,590,176,766,77.02
,仁雅村,0991,177,233,211,621,5,626,0,626,227,853,73.39
,仁雅村,0992,259,338,244,841,5,846,0,846,282,"1,128",75.00
,里仁村,0993,227,258,240,725,8,733,0,733,234,967,75.80
,美雅村,0994,252,328,302,882,6,888,0,888,324,"1,212",73.27
,崙雅村,0995,197,228,222,647,1,648,0,648,235,883,73.39
,清水村,0996,258,278,301,837,9,846,0,846,363,"1,209",69.98
,山湖村,0997,204,375,228,807,11,818,0,818,289,"1,107",73.89
,埤斗村,0998,184,280,199,663,7,670,0,670,245,915,73.22
,仁和村,0999,149,173,210,532,3,535,0,535,201,736,72.69
,平和村,1000,200,259,203,662,10,672,0,672,252,924,72.73
,協和村,1001,230,294,266,790,5,795,0,795,285,"1,080",73.61
,協和村,1002,231,276,193,700,7,707,0,707,329,"1,036",68.24
,泰安村,1003,185,250,250,685,6,691,0,691,274,965,71.61
,朝興村,1004,195,314,251,760,4,764,0,764,291,"1,055",72.42
,龍井村,1005,147,248,159,554,5,559,0,559,216,775,72.13
,湳雅村,1006,142,246,149,537,4,541,0,541,191,732,73.91
,湳雅村,1007,142,215,126,483,5,488,0,488,200,688,70.93
　田尾鄉,,,"4,514","6,230","5,152","15,896",137,"16,033",0,"16,033","6,144","22,177",72.30
,田尾村,1008,242,329,273,844,6,850,0,850,408,"1,258",67.57
,溪畔村,1009,241,357,250,848,4,852,0,852,345,"1,197",71.18
,打簾村,1010,228,293,212,733,8,741,0,741,239,980,75.61
,打簾村,1011,133,173,159,465,7,472,0,472,197,669,70.55
,正義村,1012,223,234,202,659,6,665,0,665,222,887,74.97
,北曾村,1013,100,184,151,435,5,440,0,440,172,612,71.90
,北曾村,1014,183,254,179,616,3,619,0,619,229,848,73.00
,南曾村,1015,239,414,302,955,8,963,0,963,344,"1,307",73.68
,饒平村,1016,332,325,355,"1,012",5,"1,017",0,"1,017",345,"1,362",74.67
,饒平村,1017,264,298,264,826,8,834,0,834,340,"1,174",71.04
,豐田村,1018,157,192,180,529,1,530,0,530,213,743,71.33
,仁里村,1019,108,141,188,437,3,440,0,440,179,619,71.08
,仁里村,1020,180,263,214,657,5,662,0,662,247,909,72.83
,新厝村,1021,43,64,64,171,2,173,0,173,66,239,72.38
,溪頂村,1022,97,186,130,413,7,420,0,420,171,591,71.07
,柳鳳村,1023,195,257,258,710,10,720,0,720,206,926,77.75
,陸豐村,1024,180,242,189,611,4,615,0,615,224,839,73.30
,海豐村,1025,140,201,181,522,2,524,0,524,233,757,69.22
,海豐村,1026,98,184,92,374,3,377,0,377,175,552,68.30
,睦宜村,1027,199,290,248,737,8,745,0,745,251,996,74.80
,新生村,1028,259,374,294,927,5,932,0,932,359,"1,291",72.19
,北鎮村,1029,259,293,236,788,5,793,0,793,340,"1,133",69.99
,南鎮村,1030,94,189,126,409,4,413,0,413,175,588,70.24
,福田村,1031,124,197,174,495,5,500,0,500,199,699,71.53
,新興村,1032,196,296,231,723,13,736,0,736,265,"1,001",73.53
　田中鎮,,,"6,491","9,100","8,294","23,885",219,"24,104",0,"24,104","9,539","33,643",71.65
,香山里,1033,153,221,161,535,4,539,0,539,255,794,67.88
,碧峰里,1034,145,212,255,612,7,619,0,619,342,961,64.41
,東源里,1035,127,185,204,516,7,523,0,523,203,726,72.04
,復興里,1036,127,195,190,512,5,517,0,517,221,738,70.05
,復興里,1037,143,157,201,501,5,506,0,506,182,688,73.55
,平和里,1038,143,162,179,484,9,493,0,493,217,710,69.44
,平和里,1039,146,172,152,470,4,474,0,474,207,681,69.60
,頂潭里,1040,198,358,282,838,4,842,0,842,344,"1,186",70.99
,新庄里,1041,198,277,266,741,9,750,0,750,289,"1,039",72.18
,新庄里,1042,267,362,369,998,9,"1,007",0,"1,007",307,"1,314",76.64
,中潭里,1043,172,215,169,556,4,560,0,560,237,797,70.26
,中潭里,1044,192,240,210,642,5,647,0,647,265,912,70.94
,龍潭里,1045,107,166,124,397,2,399,0,399,146,545,73.21
,北路里,1046,216,265,278,759,8,767,0,767,290,"1,057",72.56
,北路里,1047,196,291,292,779,8,787,0,787,318,"1,105",71.22
,北路里,1048,246,260,320,826,6,832,0,832,271,"1,103",75.43
,西路里,1049,245,343,303,891,9,900,0,900,353,"1,253",71.83
,西路里,1050,208,317,278,803,5,808,0,808,260,"1,068",75.66
,東路里,1051,171,293,237,701,6,707,0,707,284,991,71.34
,南路里,1052,208,309,270,787,4,791,0,791,277,"1,068",74.06
,中路里,1053,144,262,258,664,11,675,0,675,223,898,75.17
,中路里,1054,191,258,265,714,7,721,0,721,249,970,74.33
,梅州里,1055,240,372,242,854,5,859,0,859,381,"1,240",69.27
,三安里,1056,119,249,165,533,3,536,0,536,231,767,69.88
,三安里,1057,128,215,152,495,6,501,0,501,218,719,69.68
,大崙里,1058,234,363,255,852,9,861,0,861,394,"1,255",68.61
,沙崙里,1059,158,224,172,554,6,560,0,560,270,830,67.47
,沙崙里,1060,204,255,235,694,4,698,0,698,283,981,71.15
,新民里,1061,260,247,265,772,6,778,0,778,283,"1,061",73.33
,新民里,1062,190,273,234,697,6,703,0,703,241,944,74.47
,新民里,1063,192,287,260,739,9,748,0,748,291,"1,039",71.99
,新民里,1064,229,248,289,766,2,768,0,768,266,"1,034",74.27
,三民里,1065,124,181,177,482,7,489,0,489,248,737,66.35
,三民里,1066,148,179,201,528,6,534,0,534,225,759,70.36
,三光里,1067,164,232,202,598,7,605,0,605,249,854,70.84
,大社里,1068,158,255,182,595,5,600,0,600,219,819,73.26
　二水鄉,,,"1,986","3,741","3,075","8,802",89,"8,891",0,"8,891","3,402","12,293",72.33
,復興村,1069,148,350,194,692,9,701,0,701,233,934,75.05
,十五村,1070,107,196,148,451,8,459,0,459,185,644,71.27
,合和村,1071,136,223,183,542,6,548,0,548,241,789,69.46
,上豊村,1072,132,282,235,649,11,660,0,660,233,893,73.91
,過圳村,1073,107,171,132,410,4,414,0,414,173,587,70.53
,五伯村,1074,104,168,161,433,3,436,0,436,164,600,72.67
,文化村,1075,145,233,275,653,7,660,0,660,251,911,72.45
,光化村,1076,140,247,234,621,8,629,0,629,225,854,73.65
,聖化村,1077,69,100,123,292,2,294,0,294,108,402,73.13
,二水村,1078,120,220,214,554,5,559,0,559,195,754,74.14
,惠民村,1079,108,263,175,546,3,549,0,549,200,749,73.30
,裕民村,1080,172,282,199,653,6,659,0,659,298,957,68.86
,大園村,1081,117,233,160,510,2,512,0,512,212,724,70.72
,修仁村,1082,124,213,206,543,6,549,0,549,204,753,72.91
,合興村,1083,91,217,137,445,2,447,0,447,188,635,70.39
,源泉村,1084,95,181,161,437,5,442,0,442,130,572,77.27
,倡和村,1085,71,162,138,371,2,373,0,373,162,535,69.72
