第16任總統副總統選舉候選人在桃園市各投開票所得票數一覽表,,,,,,,,,,,,,
鄉(鎮、市、區)別,村里別,投開票所別,各組候選人得票情形,,,"有效票數A
A=1+2+...+N",無效票數B,"投票數C
C=A+B","已領未投票數
D
D=E-C","發出票數E
E=C+D",用餘票數F,"選舉人數G
G=E+F","投票率H
H=C÷G"
,,,"(1)
柯文哲
吳欣盈","(2)
賴清德
蕭美琴","(3)
侯友宜
趙少康",,,,,,,,
,,,,,,,,,,,,,
,,,,,,,,,,,,,
總　計,,,"413,528","476,441","460,823","1,350,792","8,897","1,359,689",41,"1,359,730","522,862","1,882,592",72.22
　蘆竹區,,,"29,127","38,760","29,192","97,079",608,"97,687",1,"97,688","36,881","134,569",72.59
,新興里,0001,297,583,260,"1,140",4,"1,144",0,"1,144",369,"1,513",75.61
,新興里,0002,275,494,226,995,3,998,0,998,356,"1,354",73.71
,中福里,0003,314,503,221,"1,038",7,"1,045",0,"1,045",419,"1,464",71.38
,中福里,0004,293,494,213,"1,000",2,"1,002",0,"1,002",342,"1,344",74.55
,中福里,0005,247,420,223,890,10,900,0,900,319,"1,219",73.83
,上興里,0006,376,543,413,"1,332",11,"1,343",0,"1,343",438,"1,781",75.41
,上興里,0007,444,453,364,"1,261",3,"1,264",0,"1,264",435,"1,699",74.40
,中興里,0008,351,427,350,"1,128",5,"1,133",0,"1,133",351,"1,484",76.35
,中興里,0009,327,322,199,848,3,851,0,851,355,"1,206",70.56
,中興里,0010,284,271,230,785,3,788,0,788,351,"1,139",69.18
,中興里,0011,371,377,305,"1,053",9,"1,062",0,"1,062",324,"1,386",76.62
,新莊里,0012,485,533,303,"1,321",10,"1,331",0,"1,331",435,"1,766",75.37
,新莊里,0013,244,396,223,863,7,870,0,870,303,"1,173",74.17
,新莊里,0014,220,372,192,784,3,787,0,787,299,"1,086",72.47
,新莊里,0015,208,339,243,790,7,797,0,797,259,"1,056",75.47
,上竹里,0016,263,341,226,830,3,833,0,833,327,"1,160",71.81
,上竹里,0017,246,332,260,838,5,843,0,843,282,"1,125",74.93
,上竹里,0018,276,358,253,887,1,888,0,888,315,"1,203",73.82
,宏竹里,0019,264,546,274,"1,084",5,"1,089",0,"1,089",404,"1,493",72.94
,宏竹里,0020,301,474,297,"1,072",5,"1,077",0,"1,077",386,"1,463",73.62
,大竹里,0021,373,405,276,"1,054",3,"1,057",0,"1,057",346,"1,403",75.34
,大竹里,0022,337,365,291,993,7,"1,000",0,"1,000",291,"1,291",77.46
,大竹里,0023,328,336,331,995,4,999,0,999,316,"1,315",75.97
,大竹里,0024,296,421,324,"1,041",4,"1,045",0,"1,045",351,"1,396",74.86
,富竹里,0025,293,606,183,"1,082",3,"1,085",0,"1,085",349,"1,434",75.66
,蘆竹里,0026,205,433,183,821,4,825,0,825,301,"1,126",73.27
,蘆竹里,0027,291,493,239,"1,023",4,"1,027",0,"1,027",324,"1,351",76.02
,蘆竹里,0028,267,474,265,"1,006",7,"1,013",0,"1,013",390,"1,403",72.20
,南興里,0029,233,312,298,843,8,851,0,851,348,"1,199",70.98
,南興里,0030,267,352,371,990,6,996,0,996,345,"1,341",74.27
,南興里,0031,311,362,315,988,3,991,0,991,357,"1,348",73.52
,南興里,0032,257,320,361,938,4,942,1,943,399,"1,342",70.19
,福昌里,0033,414,438,440,"1,292",9,"1,301",0,"1,301",508,"1,809",71.92
,福昌里,0034,397,375,385,"1,157",6,"1,163",0,"1,163",485,"1,648",70.57
,福昌里,0035,380,453,392,"1,225",2,"1,227",0,"1,227",396,"1,623",75.60
,福興里,0036,401,413,400,"1,214",6,"1,220",0,"1,220",484,"1,704",71.60
,福興里,0037,418,469,385,"1,272",6,"1,278",0,"1,278",518,"1,796",71.16
,正興里,0038,313,376,289,978,11,989,0,989,483,"1,472",67.19
,正興里,0039,321,423,313,"1,057",4,"1,061",0,"1,061",514,"1,575",67.37
,正興里,0040,317,322,302,941,6,947,0,947,391,"1,338",70.78
,順興里,0041,395,411,339,"1,145",6,"1,151",0,"1,151",503,"1,654",69.59
,順興里,0042,304,330,323,957,6,963,0,963,349,"1,312",73.40
,順興里,0043,248,323,258,829,1,830,0,830,302,"1,132",73.32
,蘆興里,0044,312,504,360,"1,176",12,"1,188",0,"1,188",391,"1,579",75.24
,南榮里,0045,203,392,261,856,5,861,0,861,372,"1,233",69.83
,南榮里,0046,281,390,295,966,5,971,0,971,289,"1,260",77.06
,南榮里,0047,233,267,270,770,6,776,0,776,300,"1,076",72.12
,南崁里,0048,207,341,300,848,7,855,0,855,319,"1,174",72.83
,南崁里,0049,250,408,328,986,6,992,0,992,311,"1,303",76.13
,南崁里,0050,253,295,306,854,3,857,0,857,331,"1,188",72.14
,錦興里,0051,297,423,314,"1,034",7,"1,041",0,"1,041",283,"1,324",78.63
,錦興里,0052,251,324,226,801,6,807,0,807,317,"1,124",71.80
,錦興里,0053,362,407,316,"1,085",2,"1,087",0,"1,087",342,"1,429",76.07
,興榮里,0054,289,386,371,"1,046",8,"1,054",0,"1,054",370,"1,424",74.02
,興榮里,0055,282,378,372,"1,032",5,"1,037",0,"1,037",336,"1,373",75.53
,錦中里,0056,275,471,298,"1,044",11,"1,055",0,"1,055",403,"1,458",72.36
,錦中里,0057,352,446,426,"1,224",6,"1,230",0,"1,230",493,"1,723",71.39
,長興里,0058,249,344,221,814,6,820,0,820,306,"1,126",72.82
,長興里,0059,270,351,271,892,17,909,0,909,575,"1,484",61.25
,五福里,0060,264,366,311,941,11,952,0,952,252,"1,204",79.07
,五福里,0061,272,285,270,827,6,833,0,833,356,"1,189",70.06
,中山里,0062,419,468,405,"1,292",3,"1,295",0,"1,295",467,"1,762",73.50
,中山里,0063,359,411,360,"1,130",6,"1,136",0,"1,136",528,"1,664",68.27
,福祿里,0064,334,456,327,"1,117",4,"1,121",0,"1,121",383,"1,504",74.53
,福祿里,0065,356,435,399,"1,190",11,"1,201",0,"1,201",480,"1,681",71.45
,羊稠里,0066,333,471,401,"1,205",7,"1,212",0,"1,212",418,"1,630",74.36
,羊稠里,0067,339,397,379,"1,115",4,"1,119",0,"1,119",390,"1,509",74.16
,羊稠里,0068,272,391,341,"1,004",5,"1,009",0,"1,009",349,"1,358",74.30
,吉祥里,0069,256,317,334,907,5,912,0,912,317,"1,229",74.21
,吉祥里,0070,234,338,385,957,6,963,0,963,283,"1,246",77.29
,吉祥里,0071,280,331,324,935,4,939,0,939,338,"1,277",73.53
,長壽里,0072,325,404,341,"1,070",5,"1,075",0,"1,075",406,"1,481",72.59
,長壽里,0073,271,279,341,891,6,897,0,897,393,"1,290",69.53
,長壽里,0074,284,336,330,950,9,959,0,959,351,"1,310",73.21
,長壽里,0075,323,324,375,"1,022",5,"1,027",0,"1,027",337,"1,364",75.29
,營盤里,0076,381,349,369,"1,099",8,"1,107",0,"1,107",380,"1,487",74.45
,營盤里,0077,440,398,427,"1,265",6,"1,271",0,"1,271",439,"1,710",74.33
,營盤里,0078,413,440,376,"1,229",5,"1,234",0,"1,234",457,"1,691",72.97
,營福里,0079,372,395,339,"1,106",11,"1,117",0,"1,117",436,"1,553",71.93
,營福里,0080,390,420,398,"1,208",8,"1,216",0,"1,216",469,"1,685",72.17
,瓦窯里,0081,215,242,172,629,6,635,0,635,269,904,70.24
,瓦窯里,0082,190,211,186,587,2,589,0,589,184,773,76.20
,瓦窯里,0083,316,351,503,"1,170",13,"1,183",0,"1,183",544,"1,727",68.50
,內厝里,0084,141,323,171,635,6,641,0,641,728,"1,369",46.82
,內厝里,0085,227,466,242,935,8,943,0,943,267,"1,210",77.93
,山鼻里,0086,230,272,180,682,5,687,0,687,329,"1,016",67.62
,山鼻里,0087,278,335,196,809,5,814,0,814,250,"1,064",76.50
,山腳里,0088,227,415,206,848,5,853,0,853,315,"1,168",73.03
,山腳里,0089,236,430,222,888,7,895,0,895,313,"1,208",74.09
,山腳里,0090,229,373,201,803,10,813,0,813,306,"1,119",72.65
,外社里,0091,275,597,216,"1,088",5,"1,093",0,"1,093",383,"1,476",74.05
,坑子里,0092,285,647,198,"1,130",8,"1,138",0,"1,138",450,"1,588",71.66
,坑口里,0093,210,334,175,719,3,722,0,722,221,943,76.56
,坑口里,0094,215,402,214,831,6,837,0,837,335,"1,172",71.42
,海湖里,0095,334,369,278,981,11,992,0,992,516,"1,508",65.78
,海湖里,0096,316,373,338,"1,027",15,"1,042",0,"1,042",449,"1,491",69.89
,濱海里,0097,237,320,257,814,8,822,0,822,424,"1,246",65.97
,濱海里,0098,231,372,232,835,12,847,0,847,512,"1,359",62.33
　龜山區,,,"32,539","38,225","33,632","104,396",678,"105,074",0,"105,074","42,559","147,633",71.17
,大同里,0099,355,408,352,"1,115",8,"1,123",0,"1,123",475,"1,598",70.28
,大同里,0100,307,376,318,"1,001",3,"1,004",0,"1,004",362,"1,366",73.50
,大同里,0101,316,418,278,"1,012",9,"1,021",0,"1,021",452,"1,473",69.31
,大同里,0102,289,375,355,"1,019",5,"1,024",0,"1,024",385,"1,409",72.68
,大坑里,0103,209,286,173,668,3,671,0,671,296,967,69.39
,大坑里,0104,179,325,185,689,2,691,0,691,271,962,71.83
,大崗里,0105,331,374,314,"1,019",9,"1,028",0,"1,028",443,"1,471",69.88
,大崗里,0106,341,399,268,"1,008",8,"1,016",0,"1,016",409,"1,425",71.30
,大崗里,0107,268,308,325,901,7,908,0,908,489,"1,397",65.00
,大湖里,0108,344,439,421,"1,204",5,"1,209",0,"1,209",487,"1,696",71.29
,大湖里,0109,320,396,363,"1,079",7,"1,086",0,"1,086",523,"1,609",67.50
,大湖里,0110,241,287,268,796,6,802,0,802,366,"1,168",68.66
,大湖里,0111,300,330,321,951,7,958,0,958,338,"1,296",73.92
,大華里,0112,285,395,330,"1,010",12,"1,022",0,"1,022",423,"1,445",70.73
,大華里,0113,367,395,351,"1,113",5,"1,118",0,"1,118",425,"1,543",72.46
,大華里,0114,329,426,349,"1,104",4,"1,108",0,"1,108",385,"1,493",74.21
,大華里,0115,348,414,333,"1,095",11,"1,106",0,"1,106",358,"1,464",75.55
,大華里,0116,298,402,307,"1,007",5,"1,012",0,"1,012",421,"1,433",70.62
,大華里,0117,343,361,336,"1,040",5,"1,045",0,"1,045",425,"1,470",71.09
,山頂里,0118,369,436,366,"1,171",11,"1,182",0,"1,182",524,"1,706",69.28
,山頂里,0119,288,423,392,"1,103",12,"1,115",0,"1,115",716,"1,831",60.90
,山頂里,0120,386,444,432,"1,262",9,"1,271",0,"1,271",465,"1,736",73.21
,山福里,0121,337,496,376,"1,209",12,"1,221",0,"1,221",478,"1,699",71.87
,山福里,0122,287,360,347,994,10,"1,004",0,"1,004",448,"1,452",69.15
,山德里,0123,315,425,349,"1,089",8,"1,097",0,"1,097",438,"1,535",71.47
,山德里,0124,291,498,313,"1,102",11,"1,113",0,"1,113",424,"1,537",72.41
,山德里,0125,288,387,400,"1,075",5,"1,080",0,"1,080",446,"1,526",70.77
,中興里,0126,304,374,349,"1,027",6,"1,033",0,"1,033",474,"1,507",68.55
,中興里,0127,293,460,294,"1,047",10,"1,057",0,"1,057",468,"1,525",69.31
,中興里,0128,342,389,385,"1,116",9,"1,125",0,"1,125",433,"1,558",72.21
,公西里,0129,202,411,327,940,12,952,0,952,327,"1,279",74.43
,文化里,0130,315,461,361,"1,137",11,"1,148",0,"1,148",421,"1,569",73.17
,文化里,0131,317,420,335,"1,072",4,"1,076",0,"1,076",407,"1,483",72.56
,文化里,0132,349,420,372,"1,141",4,"1,145",0,"1,145",453,"1,598",71.65
,文化里,0133,440,382,320,"1,142",7,"1,149",0,"1,149",479,"1,628",70.58
,文化里,0134,327,414,337,"1,078",9,"1,087",0,"1,087",425,"1,512",71.89
,文青里,0135,372,341,314,"1,027",2,"1,029",0,"1,029",314,"1,343",76.62
,文青里,0136,376,421,415,"1,212",6,"1,218",0,"1,218",451,"1,669",72.98
,文青里,0137,481,439,363,"1,283",7,"1,290",0,"1,290",361,"1,651",78.13
,文青里,0138,361,348,373,"1,082",3,"1,085",0,"1,085",394,"1,479",73.36
,文青里,0139,335,384,374,"1,093",8,"1,101",0,"1,101",383,"1,484",74.19
,文青里,0140,434,432,396,"1,262",7,"1,269",0,"1,269",389,"1,658",76.54
,兔坑里,0141,131,248,171,550,3,553,0,553,207,760,72.76
,兔坑里,0142,267,271,281,819,4,823,0,823,445,"1,268",64.91
,兔坑里,0143,245,296,229,770,2,772,0,772,405,"1,177",65.59
,兔坑里,0144,261,297,223,781,8,789,0,789,399,"1,188",66.41
,幸福里,0145,360,377,380,"1,117",7,"1,124",0,"1,124",589,"1,713",65.62
,幸福里,0146,349,394,343,"1,086",11,"1,097",0,"1,097",573,"1,670",65.69
,幸福里,0147,349,368,330,"1,047",10,"1,057",0,"1,057",660,"1,717",61.56
,長庚里,0148,424,499,315,"1,238",5,"1,243",0,"1,243",466,"1,709",72.73
,長庚里,0149,513,471,331,"1,315",6,"1,321",0,"1,321",389,"1,710",77.25
,長庚里,0150,609,410,316,"1,335",6,"1,341",0,"1,341",414,"1,755",76.41
,南上里,0151,386,609,364,"1,359",2,"1,361",0,"1,361",482,"1,843",73.85
,南美里,0152,244,303,241,788,5,793,0,793,363,"1,156",68.60
,南美里,0153,278,309,295,882,5,887,0,887,267,"1,154",76.86
,迴龍里,0154,207,239,218,664,5,669,0,669,284,953,70.20
,迴龍里,0155,182,322,176,680,5,685,0,685,265,950,72.11
,迴龍里,0156,330,335,306,971,2,973,0,973,370,"1,343",72.45
,迴龍里,0157,276,343,314,933,7,940,0,940,474,"1,414",66.48
,迴龍里,0158,291,368,307,966,9,975,0,975,404,"1,379",70.70
,陸光里,0159,271,122,868,"1,261",6,"1,267",0,"1,267",436,"1,703",74.40
,陸光里,0160,331,147,890,"1,368",12,"1,380",0,"1,380",433,"1,813",76.12
,新路里,0161,242,392,343,977,7,984,0,984,364,"1,348",73.00
,新路里,0162,221,362,264,847,5,852,0,852,297,"1,149",74.15
,新路里,0163,239,285,277,801,5,806,0,806,352,"1,158",69.60
,新路里,0164,295,423,324,"1,042",5,"1,047",0,"1,047",310,"1,357",77.16
,新興里,0165,366,299,567,"1,232",10,"1,242",0,"1,242",460,"1,702",72.97
,新興里,0166,136,175,122,433,2,435,0,435,"1,150","1,585",27.44
,新嶺里,0167,235,288,274,797,5,802,0,802,355,"1,157",69.32
,新嶺里,0168,187,211,201,599,2,601,0,601,337,938,64.07
,新嶺里,0169,355,511,316,"1,182",16,"1,198",0,"1,198",514,"1,712",69.98
,楓福里,0170,475,517,446,"1,438",7,"1,445",0,"1,445",413,"1,858",77.77
,楓福里,0171,317,396,370,"1,083",8,"1,091",0,"1,091",369,"1,460",74.73
,楓樹里,0172,293,335,259,887,3,890,0,890,274,"1,164",76.46
,楓樹里,0173,274,402,231,907,5,912,0,912,364,"1,276",71.47
,楓樹里,0174,289,453,336,"1,078",4,"1,082",0,"1,082",371,"1,453",74.47
,福源里,0175,285,350,364,999,10,"1,009",0,"1,009",419,"1,428",70.66
,福源里,0176,101,119,121,341,2,343,0,343,139,482,71.16
,精忠里,0177,307,127,746,"1,180",7,"1,187",0,"1,187",390,"1,577",75.27
,精忠里,0178,363,341,493,"1,197",13,"1,210",0,"1,210",492,"1,702",71.09
,精忠里,0179,530,476,378,"1,384",13,"1,397",0,"1,397",486,"1,883",74.19
,樂善里,0180,318,379,298,995,4,999,0,999,426,"1,425",70.11
,樂善里,0181,423,439,256,"1,118",14,"1,132",0,"1,132",405,"1,537",73.65
,樂善里,0182,486,381,258,"1,125",4,"1,129",0,"1,129",452,"1,581",71.41
,樂善里,0183,403,396,268,"1,067",2,"1,069",0,"1,069",419,"1,488",71.84
,樂善里,0184,706,495,345,"1,546",5,"1,551",0,"1,551",501,"2,052",75.58
,樂善里,0185,639,445,398,"1,482",9,"1,491",0,"1,491",579,"2,070",72.03
,樂善里,0186,633,431,366,"1,430",5,"1,435",0,"1,435",512,"1,947",73.70
,龍華里,0187,384,590,406,"1,380",11,"1,391",0,"1,391",512,"1,903",73.10
,龍華里,0188,344,417,320,"1,081",12,"1,093",0,"1,093",407,"1,500",72.87
,龍壽里,0189,290,615,255,"1,160",6,"1,166",0,"1,166",540,"1,706",68.35
,龜山里,0190,195,301,301,797,8,805,0,805,286,"1,091",73.79
,龜山里,0191,245,349,285,879,7,886,0,886,336,"1,222",72.50
,龜山里,0192,277,476,306,"1,059",2,"1,061",0,"1,061",393,"1,454",72.97
,龜山里,0193,325,334,274,933,3,936,0,936,420,"1,356",69.03
,龜山里,0194,281,354,268,903,3,906,0,906,396,"1,302",69.59
,嶺頂里,0195,227,378,225,830,6,836,0,836,396,"1,232",67.86
,嶺頂里,0196,247,347,209,803,6,809,0,809,411,"1,220",66.31
,嶺頂里,0197,283,427,303,"1,013",6,"1,019",0,"1,019",448,"1,467",69.46
,舊路里,0198,239,435,559,"1,233",9,"1,242",0,"1,242",444,"1,686",73.67
,舊路里,0199,201,367,165,733,3,736,0,736,244,980,75.10
　桃園區,,,"81,794","100,081","91,498","273,373","1,617","274,990",2,"274,992","104,600","379,592",72.44
,三元里,0200,308,343,292,943,6,949,0,949,377,"1,326",71.57
,三元里,0201,287,306,297,890,10,900,0,900,370,"1,270",70.87
,三元里,0202,292,317,361,970,2,972,0,972,387,"1,359",71.52
,三民里,0203,306,310,393,"1,009",3,"1,012",0,"1,012",331,"1,343",75.35
,三民里,0204,269,350,428,"1,047",7,"1,054",0,"1,054",299,"1,353",77.90
,三民里,0205,284,340,407,"1,031",8,"1,039",0,"1,039",357,"1,396",74.43
,大有里,0206,323,340,387,"1,050",7,"1,057",0,"1,057",462,"1,519",69.59
,大有里,0207,377,371,428,"1,176",6,"1,182",0,"1,182",488,"1,670",70.78
,大有里,0208,378,383,426,"1,187",3,"1,190",0,"1,190",479,"1,669",71.30
,大有里,0209,486,416,355,"1,257",11,"1,268",0,"1,268",444,"1,712",74.07
,大業里,0210,380,492,428,"1,300",6,"1,306",0,"1,306",426,"1,732",75.40
,大業里,0211,366,397,437,"1,200",7,"1,207",0,"1,207",428,"1,635",73.82
,大業里,0212,365,380,385,"1,130",11,"1,141",0,"1,141",484,"1,625",70.22
,大興里,0213,194,330,239,763,3,766,0,766,473,"1,239",61.82
,大興里,0214,262,390,275,927,2,929,0,929,375,"1,304",71.24
,大興里,0215,237,404,324,965,8,973,0,973,382,"1,355",71.81
,大興里,0216,269,356,345,970,6,976,0,976,407,"1,383",70.57
,汴洲里,0217,479,362,281,"1,122",2,"1,124",0,"1,124",397,"1,521",73.90
,汴洲里,0218,430,375,253,"1,058",6,"1,064",0,"1,064",374,"1,438",73.99
,汴洲里,0219,280,412,331,"1,023",8,"1,031",0,"1,031",430,"1,461",70.57
,汴洲里,0220,342,383,319,"1,044",8,"1,052",0,"1,052",436,"1,488",70.70
,汴洲里,0221,285,441,233,959,8,967,0,967,313,"1,280",75.55
,忠義里,0222,402,386,486,"1,274",9,"1,283",0,"1,283",533,"1,816",70.65
,忠義里,0223,358,407,401,"1,166",4,"1,170",0,"1,170",519,"1,689",69.27
,青溪里,0224,385,506,364,"1,255",7,"1,262",0,"1,262",426,"1,688",74.76
,青溪里,0225,378,557,358,"1,293",9,"1,302",0,"1,302",468,"1,770",73.56
,青溪里,0226,426,517,409,"1,352",6,"1,358",0,"1,358",417,"1,775",76.51
,春日里,0227,335,393,320,"1,048",7,"1,055",0,"1,055",403,"1,458",72.36
,春日里,0228,322,405,285,"1,012",8,"1,020",0,"1,020",388,"1,408",72.44
,春日里,0229,333,418,332,"1,083",5,"1,088",0,"1,088",431,"1,519",71.63
,春日里,0230,351,329,350,"1,030",7,"1,037",0,"1,037",562,"1,599",64.85
,會稽里,0231,240,340,342,922,9,931,0,931,398,"1,329",70.05
,會稽里,0232,269,277,295,841,4,845,0,845,306,"1,151",73.41
,會稽里,0233,293,235,325,853,4,857,0,857,389,"1,246",68.78
,萬壽里,0234,144,300,177,621,7,628,0,628,279,907,69.24
,福元里,0235,342,379,417,"1,138",14,"1,152",0,"1,152",370,"1,522",75.69
,福元里,0236,435,368,364,"1,167",4,"1,171",0,"1,171",404,"1,575",74.35
,福元里,0237,371,351,381,"1,103",4,"1,107",0,"1,107",433,"1,540",71.88
,檜樂里,0238,316,326,386,"1,028",5,"1,033",0,"1,033",409,"1,442",71.64
,檜樂里,0239,315,308,391,"1,014",6,"1,020",0,"1,020",408,"1,428",71.43
,檜樂里,0240,306,373,467,"1,146",9,"1,155",0,"1,155",473,"1,628",70.95
,檜樂里,0241,408,350,356,"1,114",2,"1,116",0,"1,116",463,"1,579",70.68
,寶山里,0242,336,380,344,"1,060",6,"1,066",0,"1,066",450,"1,516",70.32
,寶山里,0243,304,340,328,972,6,978,0,978,372,"1,350",72.44
,寶山里,0244,283,319,362,964,4,968,0,968,319,"1,287",75.21
,寶民里,0245,317,327,330,974,12,986,0,986,418,"1,404",70.23
,寶民里,0246,378,352,395,"1,125",7,"1,132",0,"1,132",579,"1,711",66.16
,寶民里,0247,255,262,246,763,4,767,0,767,342,"1,109",69.16
,大林里,0720,310,338,252,900,4,904,0,904,356,"1,260",71.75
,大林里,0721,347,317,278,942,6,948,0,948,401,"1,349",70.27
,大林里,0722,308,360,291,959,2,961,0,961,369,"1,330",72.26
,大林里,0723,296,432,325,"1,053",4,"1,057",1,"1,058",334,"1,392",75.93
,大林里,0724,356,397,296,"1,049",6,"1,055",0,"1,055",448,"1,503",70.19
,大樹里,0725,298,391,314,"1,003",11,"1,014",0,"1,014",430,"1,444",70.22
,大樹里,0726,282,355,273,910,2,912,0,912,293,"1,205",75.68
,大樹里,0727,230,316,287,833,5,838,0,838,321,"1,159",72.30
,大豐里,0728,322,411,332,"1,065",3,"1,068",0,"1,068",431,"1,499",71.25
,大豐里,0729,341,454,396,"1,191",4,"1,195",0,"1,195",430,"1,625",73.54
,大豐里,0730,302,500,383,"1,185",11,"1,196",0,"1,196",451,"1,647",72.62
,建國里,0731,217,360,299,876,8,884,0,884,349,"1,233",71.70
,建國里,0732,250,393,313,956,5,961,0,961,380,"1,341",71.66
,建國里,0733,255,305,309,869,5,874,0,874,314,"1,188",73.57
,建國里,0734,236,349,296,881,4,885,0,885,301,"1,186",74.62
,雲林里,0735,275,432,287,994,4,998,0,998,366,"1,364",73.17
,雲林里,0736,271,399,326,996,4,"1,000",0,"1,000",350,"1,350",74.07
,雲林里,0737,337,400,374,"1,111",6,"1,117",0,"1,117",404,"1,521",73.44
,雲林里,0738,381,369,521,"1,271",7,"1,278",0,"1,278",377,"1,655",77.22
,福安里,0739,224,335,326,885,7,892,0,892,344,"1,236",72.17
,福安里,0740,248,361,340,949,9,958,0,958,384,"1,342",71.39
,福安里,0741,288,452,353,"1,093",6,"1,099",0,"1,099",338,"1,437",76.48
,福林里,0742,260,430,340,"1,030",6,"1,036",0,"1,036",320,"1,356",76.40
,福林里,0743,270,482,399,"1,151",6,"1,157",0,"1,157",363,"1,520",76.12
,福林里,0744,343,422,397,"1,162",2,"1,164",0,"1,164",399,"1,563",74.47
,福林里,0745,301,347,362,"1,010",6,"1,016",0,"1,016",370,"1,386",73.30
,豐林里,0746,363,420,422,"1,205",2,"1,207",0,"1,207",397,"1,604",75.25
,豐林里,0747,303,439,393,"1,135",10,"1,145",0,"1,145",422,"1,567",73.07
,豐林里,0748,269,409,347,"1,025",1,"1,026",0,"1,026",384,"1,410",72.77
,豐林里,0749,299,446,364,"1,109",5,"1,114",0,"1,114",340,"1,454",76.62
,中和里,0750,235,416,280,931,7,938,0,938,339,"1,277",73.45
,中興里,0751,296,474,321,"1,091",2,"1,093",0,"1,093",374,"1,467",74.51
,中興里,0752,285,510,308,"1,103",3,"1,106",0,"1,106",351,"1,457",75.91
,中興里,0753,250,379,377,"1,006",3,"1,009",0,"1,009",384,"1,393",72.43
,中興里,0754,389,420,309,"1,118",10,"1,128",0,"1,128",324,"1,452",77.69
,文化里,0755,224,328,263,815,3,818,0,818,245,"1,063",76.95
,文昌里,0756,119,287,149,555,4,559,0,559,171,730,76.58
,文明里,0757,277,430,380,"1,087",10,"1,097",0,"1,097",394,"1,491",73.57
,北門里,0758,281,561,368,"1,210",7,"1,217",0,"1,217",459,"1,676",72.61
,民生里,0759,314,508,409,"1,231",4,"1,235",0,"1,235",458,"1,693",72.95
,永興里,0760,327,581,343,"1,251",6,"1,257",0,"1,257",541,"1,798",69.91
,光興里,0761,290,475,320,"1,085",2,"1,087",0,"1,087",406,"1,493",72.81
,光興里,0762,270,464,324,"1,058",9,"1,067",0,"1,067",343,"1,410",75.67
,光興里,0763,258,473,369,"1,100",8,"1,108",0,"1,108",336,"1,444",76.73
,西門里,0764,328,485,388,"1,201",7,"1,208",0,"1,208",539,"1,747",69.15
,西湖里,0765,215,418,365,998,7,"1,005",0,"1,005",362,"1,367",73.52
,武陵里,0766,275,422,366,"1,063",9,"1,072",0,"1,072",596,"1,668",64.27
,長美里,0767,151,355,189,695,6,701,0,701,291,992,70.67
,南門里,0768,284,315,278,877,2,879,0,879,306,"1,185",74.18
,南門里,0769,193,254,236,683,5,688,0,688,280,968,71.07
,南門里,0770,198,297,221,716,2,718,0,718,276,994,72.23
,南門里,0771,304,328,361,993,5,998,0,998,365,"1,363",73.22
,南門里,0772,268,364,253,885,7,892,0,892,345,"1,237",72.11
,南華里,0773,210,436,277,923,9,932,0,932,370,"1,302",71.58
,中山里,0774,369,467,378,"1,214",4,"1,218",0,"1,218",410,"1,628",74.82
,中山里,0775,388,460,439,"1,287",5,"1,292",0,"1,292",402,"1,694",76.27
,中山里,0776,398,390,367,"1,155",6,"1,161",0,"1,161",420,"1,581",73.43
,中山里,0777,372,446,456,"1,274",2,"1,276",0,"1,276",427,"1,703",74.93
,中平里,0778,340,320,378,"1,038",9,"1,047",0,"1,047",429,"1,476",70.93
,中平里,0779,340,438,406,"1,184",5,"1,189",0,"1,189",426,"1,615",73.62
,中平里,0780,322,424,386,"1,132",7,"1,139",0,"1,139",399,"1,538",74.06
,中正里,0781,305,386,419,"1,110",6,"1,116",0,"1,116",379,"1,495",74.65
,中正里,0782,325,366,302,993,9,"1,002",0,"1,002",420,"1,422",70.46
,中正里,0783,375,363,343,"1,081",2,"1,083",0,"1,083",377,"1,460",74.18
,中正里,0784,383,355,335,"1,073",6,"1,079",0,"1,079",313,"1,392",77.51
,中正里,0785,343,423,379,"1,145",6,"1,151",0,"1,151",407,"1,558",73.88
,中成里,0786,179,438,210,827,6,833,0,833,268,"1,101",75.66
,中成里,0787,453,449,361,"1,263",3,"1,266",0,"1,266",407,"1,673",75.67
,中成里,0788,244,336,263,843,2,845,0,845,311,"1,156",73.10
,中成里,0789,362,283,444,"1,089",7,"1,096",0,"1,096",502,"1,598",68.59
,中成里,0790,307,322,205,834,8,842,0,842,227,"1,069",78.77
,中信里,0791,254,348,344,946,5,951,0,951,349,"1,300",73.15
,中信里,0792,247,403,319,969,6,975,0,975,426,"1,401",69.59
,中信里,0793,277,361,357,995,7,"1,002",0,"1,002",400,"1,402",71.47
,中信里,0794,339,325,361,"1,025",6,"1,031",0,"1,031",430,"1,461",70.57
,中原里,0795,395,398,398,"1,191",6,"1,197",0,"1,197",408,"1,605",74.58
,中原里,0796,344,380,444,"1,168",6,"1,174",0,"1,174",370,"1,544",76.04
,中原里,0797,336,350,356,"1,042",5,"1,047",0,"1,047",320,"1,367",76.59
,中泰里,0798,340,351,428,"1,119",9,"1,128",0,"1,128",340,"1,468",76.84
,中泰里,0799,291,301,336,928,6,934,0,934,389,"1,323",70.60
,中泰里,0800,274,334,365,973,6,979,0,979,333,"1,312",74.62
,中聖里,0801,303,234,377,914,3,917,0,917,447,"1,364",67.23
,中聖里,0802,273,283,345,901,6,907,0,907,370,"1,277",71.03
,中聖里,0803,294,322,365,981,6,987,0,987,428,"1,415",69.75
,中聖里,0804,273,357,460,"1,090",5,"1,095",0,"1,095",284,"1,379",79.41
,中路里,0805,286,392,361,"1,039",6,"1,045",0,"1,045",306,"1,351",77.35
,中路里,0806,253,345,298,896,8,904,0,904,371,"1,275",70.90
,中路里,0807,271,336,356,963,6,969,0,969,329,"1,298",74.65
,中德里,0808,299,324,331,954,9,963,0,963,333,"1,296",74.31
,中德里,0809,262,309,290,861,9,870,0,870,366,"1,236",70.39
,中德里,0810,248,436,261,945,5,950,0,950,309,"1,259",75.46
,中德里,0811,302,422,307,"1,031",2,"1,033",0,"1,033",337,"1,370",75.40
,中德里,0812,276,223,341,840,5,845,0,845,378,"1,223",69.09
,文中里,0813,434,407,315,"1,156",10,"1,166",0,"1,166",306,"1,472",79.21
,文中里,0814,248,379,382,"1,009",10,"1,019",0,"1,019",407,"1,426",71.46
,文中里,0815,424,368,292,"1,084",8,"1,092",0,"1,092",332,"1,424",76.69
,文中里,0816,457,366,310,"1,133",7,"1,140",0,"1,140",303,"1,443",79.00
,玉山里,0817,283,470,306,"1,059",4,"1,063",0,"1,063",322,"1,385",76.75
,玉山里,0818,217,324,248,789,5,794,0,794,346,"1,140",69.65
,玉山里,0819,201,327,305,833,7,840,0,840,292,"1,132",74.20
,玉山里,0820,219,311,225,755,4,759,0,759,316,"1,075",70.60
,泰山里,0821,250,320,319,889,2,891,0,891,299,"1,190",74.87
,泰山里,0822,211,370,300,881,2,883,0,883,340,"1,223",72.20
,泰山里,0823,213,316,284,813,6,819,0,819,309,"1,128",72.61
,龍山里,0824,222,282,240,744,6,750,0,750,355,"1,105",67.87
,龍山里,0825,247,226,296,769,3,772,0,772,369,"1,141",67.66
,龍山里,0826,211,279,280,770,6,776,0,776,369,"1,145",67.77
,龍安里,0827,388,393,315,"1,096",6,"1,102",0,"1,102",393,"1,495",73.71
,龍安里,0828,365,366,300,"1,031",3,"1,034",0,"1,034",381,"1,415",73.07
,龍安里,0829,314,270,313,897,6,903,0,903,365,"1,268",71.21
,龍安里,0830,361,278,351,990,4,994,0,994,346,"1,340",74.18
,龍岡里,0831,323,327,375,"1,025",11,"1,036",0,"1,036",414,"1,450",71.45
,龍岡里,0832,245,345,389,979,8,987,0,987,388,"1,375",71.78
,龍岡里,0833,331,332,367,"1,030",8,"1,038",0,"1,038",449,"1,487",69.80
,龍岡里,0834,330,316,379,"1,025",6,"1,031",0,"1,031",337,"1,368",75.37
,龍祥里,0835,326,371,446,"1,143",10,"1,153",0,"1,153",466,"1,619",71.22
,龍祥里,0836,387,329,401,"1,117",6,"1,123",0,"1,123",494,"1,617",69.45
,龍祥里,0837,462,370,460,"1,292",6,"1,298",0,"1,298",453,"1,751",74.13
,龍壽里,0838,337,408,405,"1,150",5,"1,155",0,"1,155",425,"1,580",73.10
,龍壽里,0839,362,432,351,"1,145",7,"1,152",0,"1,152",443,"1,595",72.23
,龍壽里,0840,476,400,347,"1,223",8,"1,231",0,"1,231",463,"1,694",72.67
,龍壽里,0841,479,402,365,"1,246",7,"1,253",0,"1,253",423,"1,676",74.76
,龍鳳里,0842,366,378,408,"1,152",1,"1,153",0,"1,153",419,"1,572",73.35
,龍鳳里,0843,281,336,308,925,12,937,0,937,"2,783","3,720",25.19
,龍鳳里,0844,352,349,391,"1,092",4,"1,096",0,"1,096",477,"1,573",69.68
,龍鳳里,0845,365,313,430,"1,108",8,"1,116",0,"1,116",361,"1,477",75.56
,龍鳳里,0846,360,380,398,"1,138",7,"1,145",0,"1,145",404,"1,549",73.92
,中埔里,0847,581,633,464,"1,678",16,"1,694",0,"1,694",573,"2,267",74.72
,中埔里,0848,248,407,206,861,4,865,0,865,279,"1,144",75.61
,中寧里,0849,311,409,334,"1,054",8,"1,062",0,"1,062",422,"1,484",71.56
,中寧里,0850,291,399,414,"1,104",3,"1,107",0,"1,107",465,"1,572",70.42
,中寧里,0851,356,315,389,"1,060",5,"1,065",0,"1,065",521,"1,586",67.15
,中寧里,0852,364,374,393,"1,131",9,"1,140",0,"1,140",392,"1,532",74.41
,北埔里,0853,366,407,339,"1,112",7,"1,119",0,"1,119",450,"1,569",71.32
,北埔里,0854,344,343,453,"1,140",7,"1,147",0,"1,147",437,"1,584",72.41
,北埔里,0855,374,388,405,"1,167",10,"1,177",1,"1,178",427,"1,605",73.33
,永安里,0856,305,405,293,"1,003",6,"1,009",0,"1,009",382,"1,391",72.54
,永安里,0857,297,469,312,"1,078",5,"1,083",0,"1,083",441,"1,524",71.06
,永安里,0858,337,560,273,"1,170",8,"1,178",0,"1,178",352,"1,530",76.99
,同安里,0859,377,478,340,"1,195",13,"1,208",0,"1,208",464,"1,672",72.25
,同安里,0860,377,470,452,"1,299",7,"1,306",0,"1,306",408,"1,714",76.20
,同安里,0861,323,434,413,"1,170",9,"1,179",0,"1,179",520,"1,699",69.39
,同安里,0862,311,465,410,"1,186",9,"1,195",0,"1,195",427,"1,622",73.67
,同安里,0863,315,415,513,"1,243",7,"1,250",0,"1,250",481,"1,731",72.21
,同安里,0864,344,459,402,"1,205",10,"1,215",0,"1,215",455,"1,670",72.75
,同德里,0865,302,376,427,"1,105",6,"1,111",0,"1,111",440,"1,551",71.63
,同德里,0866,380,413,357,"1,150",7,"1,157",0,"1,157",361,"1,518",76.22
,同德里,0867,302,366,402,"1,070",7,"1,077",0,"1,077",368,"1,445",74.53
,同德里,0868,307,360,437,"1,104",4,"1,108",0,"1,108",358,"1,466",75.58
,自強里,0869,355,488,491,"1,334",7,"1,341",0,"1,341",472,"1,813",73.97
,自強里,0870,306,369,329,"1,004",3,"1,007",0,"1,007",327,"1,334",75.49
,自強里,0871,278,336,364,978,4,982,0,982,357,"1,339",73.34
,自強里,0872,355,418,446,"1,219",15,"1,234",0,"1,234",382,"1,616",76.36
,自強里,0873,317,332,374,"1,023",12,"1,035",0,"1,035",339,"1,374",75.33
,西埔里,0874,199,311,194,704,9,713,0,713,227,940,75.85
,西埔里,0875,202,336,162,700,8,708,0,708,249,957,73.98
,西埔里,0876,232,382,224,838,6,844,0,844,272,"1,116",75.63
,明德里,0877,349,361,353,"1,063",7,"1,070",0,"1,070",416,"1,486",72.01
,明德里,0878,286,428,522,"1,236",9,"1,245",0,"1,245",405,"1,650",75.45
,東埔里,0879,376,527,364,"1,267",11,"1,278",0,"1,278",530,"1,808",70.69
,東埔里,0880,285,438,334,"1,057",4,"1,061",0,"1,061",406,"1,467",72.32
,東埔里,0881,286,405,303,994,5,999,0,999,372,"1,371",72.87
,長安里,0882,330,540,310,"1,180",4,"1,184",0,"1,184",456,"1,640",72.20
,長安里,0883,390,513,424,"1,327",6,"1,333",0,"1,333",420,"1,753",76.04
,長德里,0884,245,296,331,872,7,879,0,879,314,"1,193",73.68
,長德里,0885,250,383,250,883,1,884,0,884,255,"1,139",77.61
,長德里,0886,295,404,292,991,8,999,0,999,416,"1,415",70.60
,長德里,0887,208,350,222,780,4,784,0,784,268,"1,052",74.52
,信光里,0888,261,438,251,950,5,955,0,955,328,"1,283",74.43
,信光里,0889,282,335,304,921,5,926,0,926,372,"1,298",71.34
,信光里,0890,274,431,284,989,8,997,0,997,390,"1,387",71.88
,信光里,0891,330,406,326,"1,062",7,"1,069",0,"1,069",392,"1,461",73.17
,信光里,0892,350,346,381,"1,077",3,"1,080",0,"1,080",375,"1,455",74.23
,南埔里,0893,465,574,406,"1,445",10,"1,455",0,"1,455",501,"1,956",74.39
,南埔里,0894,375,469,384,"1,228",4,"1,232",0,"1,232",401,"1,633",75.44
,南埔里,0895,360,456,412,"1,228",5,"1,233",0,"1,233",443,"1,676",73.57
,莊敬里,0896,314,328,387,"1,029",6,"1,035",0,"1,035",470,"1,505",68.77
,莊敬里,0897,331,353,454,"1,138",5,"1,143",0,"1,143",424,"1,567",72.94
,莊敬里,0898,293,387,409,"1,089",4,"1,093",0,"1,093",371,"1,464",74.66
,莊敬里,0899,247,342,358,947,3,950,0,950,340,"1,290",73.64
,莊敬里,0900,292,347,372,"1,011",6,"1,017",0,"1,017",394,"1,411",72.08
,莊敬里,0901,361,374,426,"1,161",7,"1,168",0,"1,168",435,"1,603",72.86
,慈文里,0902,394,474,349,"1,217",7,"1,224",0,"1,224",502,"1,726",70.92
,慈文里,0903,328,363,364,"1,055",12,"1,067",0,"1,067",479,"1,546",69.02
,慈文里,0904,310,446,316,"1,072",7,"1,079",0,"1,079",393,"1,472",73.30
,慈文里,0905,340,424,379,"1,143",11,"1,154",0,"1,154",429,"1,583",72.90
,新埔里,0906,391,423,443,"1,257",3,"1,260",0,"1,260",391,"1,651",76.32
,新埔里,0907,374,420,412,"1,206",4,"1,210",0,"1,210",427,"1,637",73.92
,新埔里,0908,267,406,440,"1,113",7,"1,120",0,"1,120",352,"1,472",76.09
,瑞慶里,0909,344,357,311,"1,012",7,"1,019",0,"1,019",547,"1,566",65.07
,瑞慶里,0910,316,344,420,"1,080",5,"1,085",0,"1,085",399,"1,484",73.11
,瑞慶里,0911,367,344,337,"1,048",7,"1,055",0,"1,055",428,"1,483",71.14
,瑞慶里,0912,329,330,342,"1,001",2,"1,003",0,"1,003",365,"1,368",73.32
,經國里,0913,327,382,425,"1,134",2,"1,136",0,"1,136",435,"1,571",72.31
,經國里,0914,358,423,391,"1,172",7,"1,179",0,"1,179",466,"1,645",71.67
,經國里,0915,416,424,521,"1,361",16,"1,377",0,"1,377",424,"1,801",76.46
,寶安里,0916,393,353,396,"1,142",9,"1,151",0,"1,151",405,"1,556",73.97
,寶安里,0917,328,381,385,"1,094",9,"1,103",0,"1,103",510,"1,613",68.38
,寶安里,0918,314,366,402,"1,082",11,"1,093",0,"1,093",431,"1,524",71.72
,寶安里,0919,366,446,408,"1,220",7,"1,227",0,"1,227",418,"1,645",74.59
,寶安里,0920,389,372,416,"1,177",3,"1,180",0,"1,180",522,"1,702",69.33
,寶慶里,0921,347,358,382,"1,087",9,"1,096",0,"1,096",395,"1,491",73.51
,寶慶里,0922,387,398,450,"1,235",8,"1,243",0,"1,243",419,"1,662",74.79
,寶慶里,0923,395,394,422,"1,211",2,"1,213",0,"1,213",444,"1,657",73.20
,寶慶里,0924,295,353,311,959,6,965,0,965,357,"1,322",73.00
,朝陽里,0925,183,327,228,738,8,746,0,746,262,"1,008",74.01
,朝陽里,0926,150,275,200,625,2,627,0,627,282,909,68.98
,成功里,0927,200,292,313,805,4,809,0,809,276,"1,085",74.56
,成功里,0928,266,381,350,997,3,"1,000",0,"1,000",357,"1,357",73.69
,成功里,0929,275,396,348,"1,019",2,"1,021",0,"1,021",359,"1,380",73.99
,東門里,0930,250,408,390,"1,048",7,"1,055",0,"1,055",441,"1,496",70.52
,東門里,0931,313,425,360,"1,098",4,"1,102",0,"1,102",399,"1,501",73.42
,東山里,0932,180,299,226,705,6,711,0,711,255,966,73.60
,東山里,0933,198,205,234,637,2,639,0,639,294,933,68.49
　大園區,,,"15,155","20,051","14,180","49,386",347,"49,733",1,"49,734","20,720","70,454",70.59
,大園里,0248,314,448,354,"1,116",2,"1,118",0,"1,118",443,"1,561",71.62
,大園里,0249,286,381,320,987,6,993,0,993,739,"1,732",57.33
,大園里,0250,325,446,299,"1,070",13,"1,083",0,"1,083",413,"1,496",72.39
,大園里,0251,309,492,311,"1,112",7,"1,119",0,"1,119",375,"1,494",74.90
,田心里,0252,269,457,237,963,6,969,0,969,370,"1,339",72.37
,田心里,0253,345,375,307,"1,027",5,"1,032",0,"1,032",407,"1,439",71.72
,田心里,0254,334,377,253,964,5,969,0,969,421,"1,390",69.71
,田心里,0255,388,376,353,"1,117",8,"1,125",0,"1,125",457,"1,582",71.11
,田心里,0256,300,459,279,"1,038",4,"1,042",0,"1,042",441,"1,483",70.26
,溪海里,0257,315,402,332,"1,049",6,"1,055",0,"1,055",526,"1,581",66.73
,溪海里,0258,303,433,276,"1,012",10,"1,022",0,"1,022",521,"1,543",66.23
,溪海里,0259,340,457,287,"1,084",8,"1,092",0,"1,092",585,"1,677",65.12
,和平里,0260,287,562,271,"1,120",11,"1,131",0,"1,131",478,"1,609",70.29
,橫峰里,0261,290,398,280,968,7,975,0,975,432,"1,407",69.30
,橫峰里,0262,378,396,296,"1,070",4,"1,074",0,"1,074",389,"1,463",73.41
,橫峰里,0263,274,431,315,"1,020",7,"1,027",0,"1,027",382,"1,409",72.89
,青峰里,0264,370,329,333,"1,032",3,"1,035",0,"1,035",363,"1,398",74.03
,青峰里,0265,287,321,314,922,7,929,0,929,339,"1,268",73.26
,青峰里,0266,371,380,356,"1,107",8,"1,115",0,"1,115",372,"1,487",74.98
,青山里,0267,325,425,299,"1,049",6,"1,055",0,"1,055",334,"1,389",75.95
,青山里,0268,305,314,255,874,7,881,0,881,292,"1,173",75.11
,青山里,0269,257,310,253,820,4,824,0,824,229,"1,053",78.25
,五權里,0270,224,457,192,873,4,877,0,877,351,"1,228",71.42
,五權里,0271,389,469,254,"1,112",6,"1,118",0,"1,118",395,"1,513",73.89
,五權里,0272,288,493,221,"1,002",5,"1,007",0,"1,007",343,"1,350",74.59
,五權里,0273,287,279,204,770,5,775,0,775,303,"1,078",71.89
,埔心里,0274,202,359,221,782,3,785,0,785,351,"1,136",69.10
,埔心里,0275,251,307,232,790,7,797,0,797,342,"1,139",69.97
,埔心里,0276,225,260,263,748,8,756,0,756,345,"1,101",68.66
,埔心里,0277,258,448,218,924,5,929,0,929,294,"1,223",75.96
,大海里,0278,139,197,192,528,3,531,0,531,169,700,75.86
,三石里,0279,260,447,245,952,6,958,0,958,376,"1,334",71.81
,三石里,0280,309,499,340,"1,148",12,"1,160",0,"1,160",334,"1,494",77.64
,菓林里,0281,282,386,305,973,11,984,0,984,385,"1,369",71.88
,菓林里,0282,293,426,294,"1,013",7,"1,020",0,"1,020",393,"1,413",72.19
,菓林里,0283,247,361,244,852,8,860,0,860,435,"1,295",66.41
,菓林里,0284,295,320,263,878,6,884,0,884,430,"1,314",67.28
,菓林里,0285,258,361,205,824,6,830,0,830,381,"1,211",68.54
,竹圍里,0286,184,296,238,718,3,721,0,721,237,958,75.26
,海口里,0287,199,222,259,680,6,686,0,686,304,990,69.29
,沙崙里,0288,128,199,154,481,6,487,0,487,221,708,68.79
,沙崙里,0289,129,165,197,491,4,495,0,495,218,713,69.42
,後厝里,0290,166,243,195,604,6,610,0,610,189,799,76.35
,圳頭里,0291,158,310,175,643,2,645,0,645,272,917,70.34
,圳頭里,0292,232,329,215,776,5,781,0,781,320,"1,101",70.94
,內海里,0293,233,394,216,843,6,849,0,849,332,"1,181",71.89
,內海里,0294,223,318,241,782,10,792,0,792,286,"1,078",73.47
,北港里,0295,334,504,236,"1,074",7,"1,081",0,"1,081",453,"1,534",70.47
,北港里,0296,326,359,310,995,8,"1,003",0,"1,003",574,"1,577",63.60
,南港里,0297,229,274,227,730,2,732,1,733,423,"1,156",63.32
,南港里,0298,234,267,199,700,9,709,0,709,419,"1,128",62.85
,南港里,0299,245,210,183,638,4,642,0,642,310,952,67.44
,南港里,0300,256,244,250,750,7,757,0,757,417,"1,174",64.48
,南港里,0301,291,270,160,721,8,729,0,729,355,"1,084",67.25
,南港里,0302,409,409,252,"1,070",8,"1,078",0,"1,078",455,"1,533",70.32
　觀音區,,,"13,255","17,321","11,484","42,060",317,"42,377",0,"42,377","18,703","61,080",69.38
,觀音里,0303,280,391,304,975,9,984,0,984,373,"1,357",72.51
,觀音里,0304,261,328,261,850,13,863,0,863,625,"1,488",58.00
,白玉里,0305,146,236,215,597,3,600,0,600,244,844,71.09
,廣興里,0306,280,341,283,904,7,911,0,911,382,"1,293",70.46
,大潭里,0307,170,271,179,620,6,626,0,626,271,897,69.79
,大潭里,0308,351,294,282,927,11,938,0,938,399,"1,337",70.16
,保生里,0309,272,319,293,884,6,890,0,890,388,"1,278",69.64
,保生里,0310,166,286,159,611,5,616,0,616,240,856,71.96
,武威里,0311,206,297,193,696,2,698,0,698,245,943,74.02
,三和里,0312,148,273,164,585,5,590,0,590,231,821,71.86
,新興里,0313,165,222,160,547,1,548,0,548,218,766,71.54
,坑尾里,0314,205,280,181,666,4,670,0,670,366,"1,036",64.67
,坑尾里,0315,214,204,183,601,4,605,0,605,292,897,67.45
,金湖里,0316,262,367,265,894,8,902,0,902,370,"1,272",70.91
,金湖里,0317,299,371,252,922,7,929,0,929,446,"1,375",67.56
,藍埔里,0318,289,391,277,957,5,962,0,962,350,"1,312",73.32
,藍埔里,0319,268,487,209,964,4,968,0,968,326,"1,294",74.81
,大同里,0320,349,510,245,"1,104",7,"1,111",0,"1,111",442,"1,553",71.54
,大同里,0321,322,475,277,"1,074",4,"1,078",0,"1,078",431,"1,509",71.44
,大堀里,0322,356,488,291,"1,135",10,"1,145",0,"1,145",452,"1,597",71.70
,崙坪里,0323,241,415,178,834,4,838,0,838,293,"1,131",74.09
,崙坪里,0324,258,367,165,790,6,796,0,796,265,"1,061",75.02
,崙坪里,0325,259,403,234,896,5,901,0,901,305,"1,206",74.71
,崙坪里,0326,244,378,254,876,10,886,0,886,370,"1,256",70.54
,富源里,0327,274,361,301,936,15,951,0,951,410,"1,361",69.88
,富源里,0328,351,344,332,"1,027",3,"1,030",0,"1,030",451,"1,481",69.55
,富源里,0329,296,380,287,963,3,966,0,966,336,"1,302",74.19
,上大里,0330,239,382,269,890,5,895,0,895,338,"1,233",72.59
,上大里,0331,318,365,246,929,5,934,0,934,339,"1,273",73.37
,新坡里,0332,316,458,302,"1,076",5,"1,081",0,"1,081",346,"1,427",75.75
,新坡里,0333,315,481,249,"1,045",6,"1,051",0,"1,051",476,"1,527",68.83
,廣福里,0334,258,443,233,934,2,936,0,936,348,"1,284",72.90
,廣福里,0335,337,438,223,998,7,"1,005",0,"1,005",338,"1,343",74.83
,塔腳里,0336,214,281,210,705,4,709,0,709,314,"1,023",69.31
,保障里,0337,194,346,145,685,4,689,0,689,307,996,69.18
,保障里,0338,187,355,168,710,4,714,0,714,269,983,72.63
,草漯里,0339,221,467,201,889,14,903,0,903,379,"1,282",70.44
,草漯里,0340,326,301,206,833,6,839,0,839,488,"1,327",63.23
,草漯里,0341,317,263,204,784,2,786,0,786,492,"1,278",61.50
,草新里,0342,326,369,297,992,12,"1,004",0,"1,004",482,"1,486",67.56
,草新里,0343,349,402,308,"1,059",6,"1,065",0,"1,065",404,"1,469",72.50
,草新里,0344,468,418,298,"1,184",10,"1,194",0,"1,194",552,"1,746",68.38
,草新里,0345,407,398,278,"1,083",10,"1,093",0,"1,093",441,"1,534",71.25
,樹林里,0346,246,302,216,764,9,773,0,773,512,"1,285",60.16
,樹林里,0347,291,236,254,781,7,788,0,788,487,"1,275",61.80
,樹林里,0348,262,249,197,708,14,722,0,722,581,"1,303",55.41
,樹林里,0349,270,270,193,733,9,742,0,742,605,"1,347",55.09
,富林里,0350,195,327,183,705,8,713,0,713,274,987,72.24
,富林里,0351,267,291,180,738,1,739,0,739,410,"1,149",64.32
　新屋區,,,"8,519","12,268","9,356","30,143",239,"30,382",0,"30,382","11,201","41,583",73.06
,新屋里,0352,274,402,355,"1,031",9,"1,040",0,"1,040",353,"1,393",74.66
,新屋里,0353,287,330,329,946,10,956,0,956,458,"1,414",67.61
,新生里,0354,323,366,307,996,4,"1,000",0,"1,000",366,"1,366",73.21
,新生里,0355,303,339,298,940,7,947,0,947,320,"1,267",74.74
,新生里,0356,326,360,355,"1,041",4,"1,045",0,"1,045",298,"1,343",77.81
,後湖里,0357,306,437,318,"1,061",6,"1,067",0,"1,067",376,"1,443",73.94
,清華里,0358,316,376,380,"1,072",9,"1,081",0,"1,081",399,"1,480",73.04
,清華里,0359,271,367,335,973,7,980,0,980,353,"1,333",73.52
,清華里,0360,293,346,296,935,3,938,0,938,376,"1,314",71.39
,石磊里,0361,274,326,217,817,4,821,0,821,365,"1,186",69.22
,石磊里,0362,217,334,224,775,11,786,0,786,316,"1,102",71.32
,東明里,0363,299,448,320,"1,067",11,"1,078",0,"1,078",345,"1,423",75.76
,社子里,0364,244,453,288,985,8,993,0,993,319,"1,312",75.69
,埔頂里,0365,279,341,284,904,4,908,0,908,312,"1,220",74.43
,埔頂里,0366,271,351,281,903,9,912,0,912,359,"1,271",71.75
,九斗里,0367,247,349,292,888,5,893,0,893,328,"1,221",73.14
,九斗里,0368,200,332,170,702,6,708,0,708,280,988,71.66
,頭洲里,0369,306,274,205,785,7,792,0,792,322,"1,114",71.10
,頭洲里,0370,232,299,276,807,6,813,0,813,269,"1,082",75.14
,頭洲里,0371,288,370,241,899,5,904,0,904,290,"1,194",75.71
,頭洲里,0372,213,347,228,788,4,792,0,792,333,"1,125",70.40
,大坡里,0373,200,420,283,903,15,918,0,918,388,"1,306",70.29
,望間里,0374,230,474,255,959,10,969,0,969,353,"1,322",73.30
,後庄里,0375,184,314,276,774,8,782,0,782,271,"1,053",74.26
,蚵間里,0376,173,290,170,633,2,635,0,635,260,895,70.95
,深圳里,0377,115,193,159,467,3,470,0,470,138,608,77.30
,槺榔里,0378,178,323,207,708,10,718,0,718,305,"1,023",70.19
,笨港里,0379,181,302,247,730,8,738,0,738,278,"1,016",72.64
,永安里,0380,162,264,174,600,3,603,0,603,193,796,75.75
,永安里,0381,261,407,316,984,10,994,0,994,362,"1,356",73.30
,永興里,0382,175,355,204,734,6,740,0,740,274,"1,014",72.98
,下埔里,0383,148,243,158,549,2,551,0,551,155,706,78.05
,石牌里,0384,180,241,220,641,9,650,0,650,236,886,73.36
,下田里,0385,304,530,377,"1,211",9,"1,220",0,"1,220",499,"1,719",70.97
,赤欄里,0386,259,365,311,935,5,940,0,940,352,"1,292",72.76
　楊梅區,,,"34,096","32,752","36,966","103,814",675,"104,489",1,"104,490","41,161","145,651",71.74
,仁美里,0387,222,296,336,854,6,860,0,860,358,"1,218",70.61
,仁美里,0388,289,318,382,989,5,994,0,994,308,"1,302",76.34
,仁美里,0389,269,288,379,936,8,944,0,944,305,"1,249",75.58
,埔心里,0390,229,427,372,"1,028",5,"1,033",0,"1,033",273,"1,306",79.10
,光華里,0391,261,309,457,"1,027",9,"1,036",0,"1,036",421,"1,457",71.11
,光華里,0392,325,335,469,"1,129",9,"1,138",0,"1,138",431,"1,569",72.53
,金龍里,0393,481,269,512,"1,262",5,"1,267",0,"1,267",425,"1,692",74.88
,四維里,0394,434,341,399,"1,174",10,"1,184",0,"1,184",378,"1,562",75.80
,四維里,0395,402,332,430,"1,164",6,"1,170",0,"1,170",367,"1,537",76.12
,四維里,0396,401,318,463,"1,182",5,"1,187",0,"1,187",417,"1,604",74.00
,永平里,0397,220,177,241,638,7,645,0,645,331,976,66.09
,永平里,0398,286,225,281,792,5,797,0,797,290,"1,087",73.32
,瑞塘里,0399,462,400,400,"1,262",4,"1,266",0,"1,266",453,"1,719",73.65
,瑞塘里,0400,360,339,288,987,5,992,0,992,369,"1,361",72.89
,瑞塘里,0401,355,303,371,"1,029",2,"1,031",0,"1,031",414,"1,445",71.35
,瑞塘里,0402,316,264,324,904,2,906,0,906,370,"1,276",71.00
,瑞坪里,0403,368,256,461,"1,085",12,"1,097",0,"1,097",463,"1,560",70.32
,瑞坪里,0404,400,270,378,"1,048",9,"1,057",0,"1,057",494,"1,551",68.15
,瑞坪里,0405,374,358,354,"1,086",12,"1,098",0,"1,098",477,"1,575",69.71
,瑞坪里,0406,420,289,440,"1,149",8,"1,157",0,"1,157",447,"1,604",72.13
,梅溪里,0407,371,300,364,"1,035",6,"1,041",0,"1,041",373,"1,414",73.62
,梅溪里,0408,302,275,318,895,6,901,0,901,446,"1,347",66.89
,梅溪里,0409,406,275,329,"1,010",6,"1,016",0,"1,016",399,"1,415",71.80
,瑞溪里,0410,303,258,261,822,9,831,0,831,420,"1,251",66.43
,瑞溪里,0411,296,288,314,898,5,903,0,903,304,"1,207",74.81
,瑞溪里,0412,287,235,285,807,4,811,0,811,312,"1,123",72.22
,金溪里,0413,507,336,411,"1,254",11,"1,265",0,"1,265",612,"1,877",67.39
,金溪里,0414,261,248,344,853,2,855,0,855,273,"1,128",75.80
,金溪里,0415,252,219,352,823,4,827,0,827,231,"1,058",78.17
,三民里,0416,405,341,446,"1,192",9,"1,201",0,"1,201",415,"1,616",74.32
,三民里,0417,435,333,398,"1,166",8,"1,174",0,"1,174",568,"1,742",67.39
,楊明里,0418,396,315,425,"1,136",2,"1,138",0,"1,138",460,"1,598",71.21
,楊明里,0419,399,328,380,"1,107",8,"1,115",0,"1,115",361,"1,476",75.54
,楊明里,0420,429,353,414,"1,196",2,"1,198",0,"1,198",397,"1,595",75.11
,楊明里,0421,485,300,337,"1,122",5,"1,127",0,"1,127",429,"1,556",72.43
,楊明里,0422,597,330,334,"1,261",4,"1,265",0,"1,265",508,"1,773",71.35
,裕成里,0423,380,329,500,"1,209",6,"1,215",0,"1,215",386,"1,601",75.89
,裕成里,0424,319,348,473,"1,140",9,"1,149",0,"1,149",473,"1,622",70.84
,裕新里,0425,264,217,274,755,5,760,0,760,519,"1,279",59.42
,裕新里,0426,265,260,344,869,3,872,0,872,367,"1,239",70.38
,大同里,0427,413,368,464,"1,245",5,"1,250",0,"1,250",443,"1,693",73.83
,大同里,0428,388,392,546,"1,326",6,"1,332",0,"1,332",442,"1,774",75.08
,中山里,0429,367,383,501,"1,251",8,"1,259",0,"1,259",361,"1,620",77.72
,中山里,0430,362,320,370,"1,052",2,"1,054",0,"1,054",371,"1,425",73.96
,楊梅里,0431,335,367,334,"1,036",7,"1,043",0,"1,043",367,"1,410",73.97
,楊梅里,0432,304,281,355,940,4,944,0,944,332,"1,276",73.98
,楊梅里,0433,251,246,385,882,6,888,1,889,246,"1,135",78.24
,楊江里,0434,226,213,330,769,3,772,0,772,270,"1,042",74.09
,梅新里,0435,171,188,286,645,5,650,0,650,253,903,71.98
,梅新里,0436,178,260,295,733,2,735,0,735,280,"1,015",72.41
,紅梅里,0437,228,288,337,853,4,857,0,857,347,"1,204",71.18
,紅梅里,0438,294,292,394,980,6,986,0,986,302,"1,288",76.55
,永寧里,0439,273,396,323,992,8,"1,000",0,"1,000","1,206","2,206",45.33
,永寧里,0440,395,368,279,"1,042",7,"1,049",0,"1,049",399,"1,448",72.44
,永寧里,0441,344,291,388,"1,023",5,"1,028",0,"1,028",346,"1,374",74.82
,永寧里,0442,317,279,432,"1,028",3,"1,031",0,"1,031",421,"1,452",71.01
,永寧里,0443,356,311,324,991,4,995,0,995,392,"1,387",71.74
,大平里,0444,338,292,408,"1,038",11,"1,049",0,"1,049",458,"1,507",69.61
,大平里,0445,329,354,429,"1,112",8,"1,120",0,"1,120",389,"1,509",74.22
,秀才里,0446,332,423,400,"1,155",7,"1,162",0,"1,162",437,"1,599",72.67
,秀才里,0447,337,396,443,"1,176",12,"1,188",0,"1,188",461,"1,649",72.04
,東流里,0448,362,497,355,"1,214",12,"1,226",0,"1,226",558,"1,784",68.72
,東流里,0449,285,263,247,795,11,806,0,806,361,"1,167",69.07
,豐野里,0450,293,305,360,958,8,966,0,966,353,"1,319",73.24
,豐野里,0451,264,291,303,858,7,865,0,865,341,"1,206",71.72
,豐野里,0452,286,369,298,953,3,956,0,956,326,"1,282",74.57
,富岡里,0453,189,192,301,682,3,685,0,685,224,909,75.36
,富岡里,0454,170,217,227,614,10,624,0,624,200,824,75.73
,富豐里,0455,351,423,341,"1,115",9,"1,124",0,"1,124",406,"1,530",73.46
,富豐里,0456,336,342,417,"1,095",10,"1,105",0,"1,105",445,"1,550",71.29
,員本里,0457,369,422,385,"1,176",8,"1,184",0,"1,184",494,"1,678",70.56
,員本里,0458,269,343,285,897,9,906,0,906,297,"1,203",75.31
,三湖里,0459,361,330,344,"1,035",3,"1,038",0,"1,038",397,"1,435",72.33
,三湖里,0460,343,397,332,"1,072",11,"1,083",0,"1,083",385,"1,468",73.77
,頭湖里,0461,327,241,360,928,4,932,0,932,366,"1,298",71.80
,頭湖里,0462,336,338,338,"1,012",10,"1,022",0,"1,022",560,"1,582",64.60
,上湖里,0463,441,385,376,"1,202",6,"1,208",0,"1,208",445,"1,653",73.08
,上湖里,0464,349,306,291,946,14,960,0,960,407,"1,367",70.23
,上湖里,0465,341,293,354,988,7,995,0,995,480,"1,475",67.46
,上湖里,0466,381,305,355,"1,041",13,"1,054",0,"1,054",479,"1,533",68.75
,上田里,0467,320,424,298,"1,042",6,"1,048",0,"1,048",369,"1,417",73.96
,上田里,0468,353,388,311,"1,052",2,"1,054",0,"1,054",409,"1,463",72.04
,高山里,0469,258,217,306,781,1,782,0,782,395,"1,177",66.44
,高山里,0470,309,281,308,898,6,904,0,904,399,"1,303",69.38
,高山里,0471,305,240,341,886,3,889,0,889,398,"1,287",69.08
,高上里,0472,322,395,308,"1,025",11,"1,036",0,"1,036",382,"1,418",73.06
,高上里,0473,294,285,372,951,6,957,0,957,350,"1,307",73.22
,青山里,0474,331,282,348,961,7,968,0,968,602,"1,570",61.66
,青山里,0475,411,341,364,"1,116",8,"1,124",0,"1,124",581,"1,705",65.92
,青山里,0476,344,266,345,955,12,967,0,967,510,"1,477",65.47
,高榮里,0477,338,532,384,"1,254",9,"1,263",0,"1,263",404,"1,667",75.76
,高榮里,0478,432,464,410,"1,306",8,"1,314",0,"1,314",492,"1,806",72.76
,雙榮里,0479,374,426,456,"1,256",6,"1,262",0,"1,262",374,"1,636",77.14
,雙榮里,0480,379,457,405,"1,241",3,"1,244",0,"1,244",343,"1,587",78.39
,新榮里,0481,378,509,407,"1,294",9,"1,303",0,"1,303",402,"1,705",76.42
,新榮里,0482,401,413,388,"1,202",13,"1,215",0,"1,215",484,"1,699",71.51
,水美里,0483,366,364,356,"1,086",11,"1,097",0,"1,097",351,"1,448",75.76
,水美里,0484,311,296,339,946,6,952,0,952,375,"1,327",71.74
,水美里,0485,278,327,313,918,3,921,0,921,371,"1,292",71.28
,瑞原里,0486,211,347,275,833,6,839,0,839,336,"1,175",71.40
,瑞原里,0487,260,248,318,826,4,830,0,830,341,"1,171",70.88
,瑞原里,0488,297,281,282,860,6,866,0,866,402,"1,268",68.30
　中壢區,,,"78,755","82,932","92,934","254,621","1,606","256,227",28,"256,255","93,399","349,654",73.28
,後寮里,0489,283,317,398,998,5,"1,003",0,"1,003",357,"1,360",73.75
,後寮里,0490,208,290,274,772,6,778,0,778,426,"1,204",64.62
,後寮里,0491,268,238,316,822,7,829,0,829,321,"1,150",72.09
,後寮里,0492,350,225,284,859,1,860,0,860,396,"1,256",68.47
,明德里,0493,374,407,417,"1,198",9,"1,207",3,"1,210",429,"1,639",73.64
,明德里,0494,327,355,369,"1,051",3,"1,054",0,"1,054",348,"1,402",75.18
,明德里,0495,362,422,394,"1,178",4,"1,182",0,"1,182",314,"1,496",79.01
,至善里,0496,226,173,343,742,3,745,0,745,306,"1,051",70.88
,至善里,0497,294,242,423,959,10,969,0,969,381,"1,350",71.78
,至善里,0498,337,229,357,923,9,932,0,932,423,"1,355",68.78
,龍慈里,0499,289,265,304,858,4,862,0,862,250,"1,112",77.52
,龍慈里,0500,329,233,428,990,11,"1,001",0,"1,001",393,"1,394",71.81
,龍慈里,0501,293,191,405,889,4,893,0,893,361,"1,254",71.21
,龍慈里,0502,233,200,281,714,5,719,0,719,300,"1,019",70.56
,龍興里,0503,244,292,345,881,1,882,0,882,292,"1,174",75.13
,龍興里,0504,348,338,411,"1,097",6,"1,103",0,"1,103",359,"1,462",75.44
,龍興里,0505,339,373,371,"1,083",4,"1,087",0,"1,087",465,"1,552",70.04
,龍德里,0506,277,309,373,959,8,967,0,967,318,"1,285",75.25
,龍德里,0507,289,305,402,996,5,"1,001",0,"1,001",275,"1,276",78.45
,龍德里,0508,339,310,478,"1,127",7,"1,134",0,"1,134",321,"1,455",77.94
,龍岡里,0509,323,312,503,"1,138",11,"1,149",0,"1,149",424,"1,573",73.05
,龍岡里,0510,296,277,490,"1,063",11,"1,074",0,"1,074",370,"1,444",74.38
,龍岡里,0511,314,249,530,"1,093",8,"1,101",0,"1,101",332,"1,433",76.83
,龍東里,0512,407,231,544,"1,182",8,"1,190",0,"1,190",452,"1,642",72.47
,龍東里,0513,279,198,625,"1,102",4,"1,106",0,"1,106",396,"1,502",73.64
,龍東里,0514,350,208,651,"1,209",6,"1,215",0,"1,215",455,"1,670",72.75
,龍昌里,0515,301,240,405,946,8,954,0,954,252,"1,206",79.10
,龍昌里,0516,251,224,396,871,3,874,0,874,361,"1,235",70.77
,龍昌里,0517,254,234,353,841,9,850,0,850,316,"1,166",72.90
,龍昌里,0518,265,205,361,831,7,838,0,838,431,"1,269",66.04
,龍昌里,0519,297,213,290,800,4,804,0,804,335,"1,139",70.59
,龍平里,0520,234,152,554,940,8,948,0,948,337,"1,285",73.77
,龍平里,0521,281,229,532,"1,042",6,"1,048",0,"1,048",450,"1,498",69.96
,仁美里,0522,326,298,429,"1,053",2,"1,055",0,"1,055",433,"1,488",70.90
,仁美里,0523,233,218,295,746,6,752,0,752,293,"1,045",71.96
,仁美里,0524,318,311,433,"1,062",7,"1,069",0,"1,069",369,"1,438",74.34
,仁美里,0525,322,363,445,"1,130",6,"1,136",0,"1,136",369,"1,505",75.48
,仁福里,0526,325,325,512,"1,162",12,"1,174",0,"1,174",436,"1,610",72.92
,仁福里,0527,320,278,468,"1,066",13,"1,079",0,"1,079",458,"1,537",70.20
,仁福里,0528,371,281,418,"1,070",10,"1,080",0,"1,080",464,"1,544",69.95
,華愛里,0529,273,252,306,831,9,840,0,840,358,"1,198",70.12
,華愛里,0530,229,207,363,799,5,804,0,804,287,"1,091",73.69
,華愛里,0531,278,244,353,875,2,877,0,877,307,"1,184",74.07
,普仁里,0532,265,322,366,953,4,957,0,957,426,"1,383",69.20
,普仁里,0533,292,340,317,949,13,962,0,962,415,"1,377",69.86
,普仁里,0534,256,293,359,908,5,913,0,913,538,"1,451",62.92
,普忠里,0535,384,405,442,"1,231",13,"1,244",0,"1,244",406,"1,650",75.39
,普忠里,0536,301,354,421,"1,076",5,"1,081",0,"1,081",441,"1,522",71.02
,普強里,0537,253,259,311,823,5,828,0,828,257,"1,085",76.31
,普強里,0538,267,256,332,855,6,861,0,861,249,"1,110",77.57
,普強里,0539,317,300,381,998,7,"1,005",0,"1,005",358,"1,363",73.73
,普慶里,0540,316,327,407,"1,050",5,"1,055",0,"1,055",325,"1,380",76.45
,普慶里,0541,263,323,342,928,4,932,0,932,313,"1,245",74.86
,信義里,0542,307,342,357,"1,006",8,"1,014",0,"1,014",273,"1,287",78.79
,信義里,0543,327,385,398,"1,110",5,"1,115",0,"1,115",292,"1,407",79.25
,信義里,0544,376,347,430,"1,153",1,"1,154",0,"1,154",433,"1,587",72.72
,正義里,0545,286,355,345,986,5,991,0,991,374,"1,365",72.60
,正義里,0546,327,338,341,"1,006",9,"1,015",0,"1,015",350,"1,365",74.36
,正義里,0547,312,381,366,"1,059",10,"1,069",0,"1,069",368,"1,437",74.39
,普義里,0548,242,289,355,886,5,891,0,891,266,"1,157",77.01
,普義里,0549,258,297,350,905,7,912,0,912,277,"1,189",76.70
,普義里,0550,300,303,462,"1,065",7,"1,072",0,"1,072","2,212","3,284",32.64
,德義里,0551,205,289,301,795,6,801,0,801,306,"1,107",72.36
,德義里,0552,309,339,380,"1,028",4,"1,032",0,"1,032",320,"1,352",76.33
,仁義里,0553,249,290,285,824,3,827,0,827,339,"1,166",70.93
,仁義里,0554,336,361,310,"1,007",7,"1,014",0,"1,014",308,"1,322",76.70
,仁義里,0555,266,341,336,943,5,948,0,948,351,"1,299",72.98
,忠義里,0556,375,306,344,"1,025",10,"1,035",0,"1,035",496,"1,531",67.60
,忠義里,0557,270,365,316,951,5,956,0,956,294,"1,250",76.48
,忠義里,0558,301,257,341,899,2,901,0,901,314,"1,215",74.16
,中興里,0559,263,225,302,790,9,799,0,799,373,"1,172",68.17
,中興里,0560,285,224,331,840,2,842,0,842,355,"1,197",70.34
,中興里,0561,271,223,320,814,4,818,0,818,238,"1,056",77.46
,自立里,0562,239,108,547,894,14,908,0,908,313,"1,221",74.37
,自立里,0563,257,93,538,888,10,898,0,898,303,"1,201",74.77
,自立里,0564,261,135,509,905,9,914,0,914,364,"1,278",71.52
,自立里,0565,293,168,457,918,4,922,0,922,386,"1,308",70.49
,自信里,0566,321,235,402,958,6,964,0,964,355,"1,319",73.09
,自信里,0567,319,281,505,"1,105",6,"1,111",0,"1,111",359,"1,470",75.58
,自信里,0568,323,247,417,987,2,989,0,989,376,"1,365",72.45
,自信里,0569,328,296,354,978,4,982,0,982,388,"1,370",71.68
,莊敬里,0570,302,137,800,"1,239",13,"1,252",1,"1,253",442,"1,695",73.86
,莊敬里,0571,394,320,514,"1,228",7,"1,235",0,"1,235",425,"1,660",74.40
,自治里,0572,276,224,439,939,3,942,0,942,352,"1,294",72.80
,自治里,0573,229,111,548,888,7,895,0,895,343,"1,238",72.29
,自治里,0574,236,175,377,788,5,793,0,793,281,"1,074",73.84
,內壢里,0575,193,217,311,721,5,726,0,726,353,"1,079",67.28
,內壢里,0576,234,224,318,776,6,782,0,782,294,"1,076",72.68
,成功里,0577,338,366,411,"1,115",8,"1,123",0,"1,123",423,"1,546",72.64
,成功里,0578,385,284,363,"1,032",9,"1,041",0,"1,041",484,"1,525",68.26
,成功里,0579,321,261,340,922,4,926,0,926,367,"1,293",71.62
,福德里,0580,252,324,373,949,11,960,0,960,319,"1,279",75.06
,福德里,0581,341,301,460,"1,102",4,"1,106",0,"1,106",358,"1,464",75.55
,中原里,0582,205,331,290,826,4,830,0,830,269,"1,099",75.52
,中原里,0583,246,282,343,871,9,880,0,880,325,"1,205",73.03
,中原里,0584,281,241,363,885,3,888,0,888,333,"1,221",72.73
,忠孝里,0585,397,414,431,"1,242",6,"1,248",0,"1,248",361,"1,609",77.56
,忠孝里,0586,325,303,350,978,7,985,0,985,394,"1,379",71.43
,忠孝里,0587,405,314,434,"1,153",8,"1,161",0,"1,161",394,"1,555",74.66
,興華里,0588,305,270,391,966,6,972,0,972,416,"1,388",70.03
,興華里,0589,387,335,367,"1,089",6,"1,095",0,"1,095",386,"1,481",73.94
,興華里,0590,374,332,311,"1,017",6,"1,023",0,"1,023",369,"1,392",73.49
,興華里,0591,387,335,412,"1,134",11,"1,145",0,"1,145",419,"1,564",73.21
,復興里,0592,313,260,276,849,8,857,0,857,360,"1,217",70.42
,復興里,0593,385,286,250,921,10,931,0,931,419,"1,350",68.96
,復興里,0594,337,343,285,965,3,968,0,968,333,"1,301",74.40
,復華里,0595,283,327,310,920,8,928,0,928,314,"1,242",74.72
,復華里,0596,344,371,395,"1,110",4,"1,114",0,"1,114",362,"1,476",75.47
,復華里,0597,308,254,305,867,1,868,0,868,360,"1,228",70.68
,復華里,0598,356,359,434,"1,149",7,"1,156",0,"1,156",322,"1,478",78.21
,文化里,0599,299,342,374,"1,015",10,"1,025",0,"1,025",367,"1,392",73.64
,文化里,0600,332,332,364,"1,028",9,"1,037",0,"1,037",372,"1,409",73.60
,文化里,0601,284,348,278,910,4,914,0,914,325,"1,239",73.77
,文化里,0602,365,332,432,"1,129",5,"1,134",0,"1,134",402,"1,536",73.83
,文化里,0603,342,458,324,"1,124",4,"1,128",0,"1,128",369,"1,497",75.35
,文化里,0604,423,354,398,"1,175",2,"1,177",0,"1,177",385,"1,562",75.35
,和平里,0605,293,279,321,893,5,898,0,898,305,"1,203",74.65
,和平里,0606,289,316,373,978,3,981,0,981,291,"1,272",77.12
,內定里,0607,236,382,252,870,8,878,0,878,314,"1,192",73.66
,內定里,0608,295,320,249,864,6,870,0,870,339,"1,209",71.96
,內定里,0609,333,475,329,"1,137",6,"1,143",0,"1,143",381,"1,524",75.00
,內定里,0610,416,509,375,"1,300",10,"1,310",0,"1,310",378,"1,688",77.61
,內定里,0611,350,372,260,982,5,987,0,987,314,"1,301",75.86
,石頭里,0612,266,445,395,"1,106",9,"1,115",0,"1,115",457,"1,572",70.93
,中央里,0613,257,350,412,"1,019",8,"1,027",0,"1,027",323,"1,350",76.07
,中央里,0614,188,304,273,765,3,768,0,768,270,"1,038",73.99
,中央里,0615,178,290,246,714,6,720,0,720,236,956,75.31
,新興里,0616,248,337,299,884,4,888,0,888,322,"1,210",73.39
,新興里,0617,251,332,298,881,2,883,0,883,320,"1,203",73.40
,新興里,0618,255,281,353,889,5,894,0,894,269,"1,163",76.87
,林森里,0619,297,321,376,994,8,"1,002",0,"1,002",321,"1,323",75.74
,林森里,0620,312,280,317,909,6,915,0,915,311,"1,226",74.63
,林森里,0621,267,316,375,958,2,960,0,960,271,"1,231",77.99
,振興里,0622,268,295,376,939,6,945,0,945,288,"1,233",76.64
,振興里,0623,317,273,350,940,6,946,0,946,334,"1,280",73.91
,振興里,0624,257,231,338,826,4,830,0,830,322,"1,152",72.05
,振興里,0625,190,295,280,765,3,768,0,768,251,"1,019",75.37
,東興里,0626,335,443,422,"1,200",4,"1,204",0,"1,204",449,"1,653",72.84
,東興里,0627,336,454,433,"1,223",7,"1,230",0,"1,230",368,"1,598",76.97
,健行里,0628,261,353,372,986,7,993,0,993,309,"1,302",76.27
,健行里,0629,324,325,444,"1,093",6,"1,099",0,"1,099",405,"1,504",73.07
,健行里,0630,344,388,376,"1,108",12,"1,120",0,"1,120",400,"1,520",73.68
,水尾里,0631,273,349,197,819,8,827,0,827,320,"1,147",72.10
,水尾里,0632,246,360,323,929,9,938,0,938,340,"1,278",73.40
,水尾里,0633,292,301,313,906,4,910,0,910,293,"1,203",75.64
,金華里,0634,320,328,462,"1,110",4,"1,114",0,"1,114",317,"1,431",77.85
,金華里,0635,257,295,457,"1,009",6,"1,015",0,"1,015",323,"1,338",75.86
,金華里,0636,285,287,414,986,5,991,0,991,280,"1,271",77.97
,興福里,0637,261,372,268,901,5,906,0,906,272,"1,178",76.91
,興福里,0638,286,280,292,858,11,869,0,869,346,"1,215",71.52
,興福里,0639,312,357,360,"1,029",4,"1,033",0,"1,033",332,"1,365",75.68
,忠福里,0640,268,312,373,953,3,956,0,956,291,"1,247",76.66
,忠福里,0641,491,303,304,"1,098",3,"1,101",0,"1,101",360,"1,461",75.36
,忠福里,0642,231,412,303,946,8,954,0,954,371,"1,325",72.00
,幸福里,0643,364,417,312,"1,093",9,"1,102",0,"1,102",439,"1,541",71.51
,幸福里,0644,412,363,422,"1,197",6,"1,203",0,"1,203",458,"1,661",72.43
,幸福里,0645,314,339,338,991,4,995,0,995,384,"1,379",72.15
,幸福里,0646,377,306,397,"1,080",8,"1,088",0,"1,088",372,"1,460",74.52
,永福里,0647,140,157,123,420,4,424,0,424,210,634,66.88
,永福里,0648,332,453,342,"1,127",4,"1,131",0,"1,131",347,"1,478",76.52
,永福里,0649,397,468,391,"1,256",4,"1,260",0,"1,260",370,"1,630",77.30
,永福里,0650,387,435,462,"1,284",8,"1,292",0,"1,292",374,"1,666",77.55
,青埔里,0651,492,416,290,"1,198",5,"1,203",0,"1,203",407,"1,610",74.72
,青埔里,0652,404,416,304,"1,124",7,"1,131",0,"1,131",444,"1,575",71.81
,青埔里,0653,416,451,378,"1,245",3,"1,248",0,"1,248",414,"1,662",75.09
,青埔里,0654,469,398,278,"1,145",3,"1,148",0,"1,148",379,"1,527",75.18
,青埔里,0655,442,415,329,"1,186",6,"1,192",0,"1,192",333,"1,525",78.16
,青埔里,0656,447,379,283,"1,109",5,"1,114",0,"1,114",358,"1,472",75.68
,新街里,0657,209,318,275,802,7,809,0,809,334,"1,143",70.78
,新街里,0658,261,262,338,861,8,869,0,869,328,"1,197",72.60
,興南里,0659,248,383,340,971,8,979,0,979,339,"1,318",74.28
,興南里,0660,339,339,473,"1,151",7,"1,158",0,"1,158",495,"1,653",70.05
,興國里,0661,234,252,215,701,6,707,0,707,249,956,73.95
,興國里,0662,159,266,259,684,7,691,0,691,189,880,78.52
,興平里,0663,235,386,266,887,2,889,0,889,282,"1,171",75.92
,興平里,0664,225,409,302,936,3,939,0,939,242,"1,181",79.51
,興和里,0665,187,343,204,734,3,737,0,737,235,972,75.82
,興和里,0666,369,555,410,"1,334",4,"1,338",0,"1,338",340,"1,678",79.74
,永興里,0667,145,258,224,627,3,630,0,630,249,879,71.67
,中壢里,0668,137,190,171,498,4,502,0,502,166,668,75.15
,中榮里,0669,162,245,172,579,6,585,0,585,210,795,73.58
,中建里,0670,164,319,217,700,4,704,0,704,291,995,70.75
,舊明里,0671,233,449,324,"1,006",5,"1,011",0,"1,011",345,"1,356",74.56
,新明里,0672,228,372,264,864,4,868,0,868,326,"1,194",72.70
,新明里,0673,261,360,256,877,3,880,0,880,286,"1,166",75.47
,新明里,0674,271,315,311,897,7,904,0,904,362,"1,266",71.41
,光明里,0675,362,359,442,"1,163",4,"1,167",0,"1,167",408,"1,575",74.10
,光明里,0676,191,275,240,706,4,710,0,710,283,993,71.50
,光明里,0677,241,344,384,969,8,977,0,977,350,"1,327",73.62
,光明里,0678,270,310,394,974,6,980,0,980,341,"1,321",74.19
,永光里,0679,240,413,286,939,7,946,0,946,332,"1,278",74.02
,永光里,0680,287,373,409,"1,069",7,"1,076",0,"1,076",367,"1,443",74.57
,永光里,0681,268,340,287,895,5,900,0,900,317,"1,217",73.95
,永光里,0682,397,311,320,"1,028",3,"1,031",0,"1,031",452,"1,483",69.52
,三民里,0683,319,507,312,"1,138",12,"1,150",0,"1,150",397,"1,547",74.34
,三民里,0684,358,516,373,"1,247",7,"1,254",0,"1,254",438,"1,692",74.11
,五權里,0685,264,365,283,912,2,914,0,914,350,"1,264",72.31
,五權里,0686,217,364,301,882,6,888,0,888,348,"1,236",71.84
,五權里,0687,314,394,304,"1,012",8,"1,020",0,"1,020",265,"1,285",79.38
,五權里,0688,303,344,257,904,4,908,0,908,303,"1,211",74.98
,五權里,0689,353,308,292,953,5,958,0,958,286,"1,244",77.01
,五福里,0690,227,320,217,764,4,768,0,768,279,"1,047",73.35
,五福里,0691,221,329,246,796,10,806,0,806,294,"1,100",73.27
,五福里,0692,284,383,350,"1,017",8,"1,025",0,"1,025",324,"1,349",75.98
,芝芭里,0693,274,486,261,"1,021",3,"1,024",0,"1,024",372,"1,396",73.35
,芝芭里,0694,192,439,186,817,8,825,0,825,306,"1,131",72.94
,芝芭里,0695,269,312,201,782,1,783,0,783,316,"1,099",71.25
,芝芭里,0696,320,348,305,973,6,979,0,979,320,"1,299",75.37
,洽溪里,0697,379,362,238,979,5,984,0,984,347,"1,331",73.93
,洽溪里,0698,305,383,175,863,7,870,0,870,360,"1,230",70.73
,洽溪里,0699,391,370,254,"1,015",6,"1,021",0,"1,021",318,"1,339",76.25
,洽溪里,0700,385,373,290,"1,048",6,"1,054",0,"1,054",322,"1,376",76.60
,青溪里,0701,406,493,340,"1,239",8,"1,247",0,"1,247",406,"1,653",75.44
,青溪里,0702,464,444,405,"1,313",6,"1,319",0,"1,319",377,"1,696",77.77
,內厝里,0703,369,556,315,"1,240",12,"1,252",0,"1,252",421,"1,673",74.84
,內厝里,0704,285,488,280,"1,053",10,"1,063",0,"1,063",347,"1,410",75.39
,內厝里,0705,361,528,354,"1,243",6,"1,249",0,"1,249",401,"1,650",75.70
,月眉里,0706,332,478,220,"1,030",4,"1,034",0,"1,034",356,"1,390",74.39
,月眉里,0707,241,400,242,883,1,884,0,884,315,"1,199",73.73
,月眉里,0708,394,607,217,"1,218",9,"1,227",0,"1,227",454,"1,681",72.99
,月眉里,0709,388,545,224,"1,157",11,"1,168",0,"1,168",408,"1,576",74.11
,山東里,0710,235,433,201,869,5,874,0,874,355,"1,229",71.11
,山東里,0711,268,543,193,"1,004",6,"1,010",0,"1,010",297,"1,307",77.28
,山東里,0712,254,426,204,884,6,890,0,890,325,"1,215",73.25
,過嶺里,0713,277,387,280,944,8,952,0,952,316,"1,268",75.08
,過嶺里,0714,239,412,230,881,6,887,24,911,332,"1,243",71.36
,過嶺里,0715,370,293,261,924,3,927,0,927,341,"1,268",73.11
,過嶺里,0716,370,279,232,881,7,888,0,888,294,"1,182",75.13
,過嶺里,0717,349,299,212,860,4,864,0,864,262,"1,126",76.73
,過嶺里,0718,434,330,254,"1,018",3,"1,021",0,"1,021",292,"1,313",77.76
,過嶺里,0719,330,283,241,854,11,865,0,865,345,"1,210",71.49
,龍安里,1353,184,117,399,700,8,708,0,708,218,926,76.46
,龍安里,1354,213,171,428,812,9,821,0,821,218,"1,039",79.02
,仁愛里,1355,319,355,401,"1,075",6,"1,081",0,"1,081",367,"1,448",74.65
,仁愛里,1356,316,378,401,"1,095",6,"1,101",0,"1,101",385,"1,486",74.09
,仁德里,1357,353,320,446,"1,119",12,"1,131",0,"1,131",445,"1,576",71.76
,仁德里,1358,292,248,506,"1,046",10,"1,056",0,"1,056",415,"1,471",71.79
,仁和里,1359,321,260,452,"1,033",0,"1,033",0,"1,033",349,"1,382",74.75
,仁和里,1360,304,236,335,875,11,886,0,886,342,"1,228",72.15
,仁和里,1361,215,200,242,657,1,658,0,658,243,901,73.03
,仁祥里,1362,329,280,468,"1,077",7,"1,084",0,"1,084",395,"1,479",73.29
,仁祥里,1363,247,192,461,900,3,903,0,903,348,"1,251",72.18
,華勛里,1364,215,155,383,753,3,756,0,756,261,"1,017",74.34
,華勛里,1365,316,210,427,953,5,958,0,958,433,"1,391",68.87
,華勛里,1366,422,240,392,"1,054",4,"1,058",0,"1,058",428,"1,486",71.20
,中堅里,1367,306,281,405,992,11,"1,003",0,"1,003",385,"1,388",72.26
,中堅里,1368,192,149,252,593,6,599,0,599,200,799,74.97
,中堅里,1369,330,236,508,"1,074",12,"1,086",0,"1,086",445,"1,531",70.93
,興仁里,1370,205,256,336,797,8,805,0,805,310,"1,115",72.20
,興仁里,1371,229,236,272,737,9,746,0,746,449,"1,195",62.43
,興仁里,1372,266,215,309,790,7,797,0,797,294,"1,091",73.05
,中正里,1373,238,228,321,787,8,795,0,795,394,"1,189",66.86
,中正里,1374,351,216,283,850,5,855,0,855,343,"1,198",71.37
,中正里,1375,333,295,409,"1,037",4,"1,041",0,"1,041",395,"1,436",72.49
,中正里,1376,272,263,424,959,8,967,0,967,358,"1,325",72.98
,中山里,1377,398,297,463,"1,158",2,"1,160",0,"1,160",478,"1,638",70.82
,中山里,1378,381,279,436,"1,096",3,"1,099",0,"1,099",409,"1,508",72.88
,中山里,1379,304,272,452,"1,028",4,"1,032",0,"1,032",472,"1,504",68.62
,篤行里,1380,320,267,329,916,7,923,0,923,376,"1,299",71.05
,篤行里,1381,351,284,383,"1,018",8,"1,026",0,"1,026",350,"1,376",74.56
,自強里,1382,241,287,403,931,9,940,0,940,338,"1,278",73.55
,自強里,1383,229,194,346,769,1,770,0,770,272,"1,042",73.90
,自強里,1384,261,178,343,782,7,789,0,789,267,"1,056",74.72
　平鎮區,,,"42,906","45,018","48,020","135,944",981,"136,925",4,"136,929","48,973","185,902",73.65
,平鎮里,0934,303,376,324,"1,003",10,"1,013",0,"1,013",400,"1,413",71.69
,平鎮里,0935,362,430,333,"1,125",11,"1,136",0,"1,136",408,"1,544",73.58
,平鎮里,0936,311,361,376,"1,048",8,"1,056",0,"1,056",357,"1,413",74.73
,鎮興里,0937,265,422,288,975,10,985,0,985,385,"1,370",71.90
,鎮興里,0938,388,404,361,"1,153",8,"1,161",0,"1,161",427,"1,588",73.11
,南勢里,0939,335,398,385,"1,118",7,"1,125",0,"1,125",386,"1,511",74.45
,南勢里,0940,316,374,383,"1,073",7,"1,080",0,"1,080",341,"1,421",76.00
,南勢里,0941,337,359,349,"1,045",11,"1,056",0,"1,056",350,"1,406",75.11
,南勢里,0942,324,329,315,968,5,973,0,973,387,"1,360",71.54
,金星里,0943,378,294,335,"1,007",5,"1,012",0,"1,012",389,"1,401",72.23
,金星里,0944,410,286,327,"1,023",10,"1,033",0,"1,033",438,"1,471",70.22
,金星里,0945,326,330,315,971,9,980,0,980,300,"1,280",76.56
,金星里,0946,366,323,267,956,8,964,0,964,371,"1,335",72.21
,金星里,0947,342,263,338,943,5,948,0,948,366,"1,314",72.15
,平安里,0948,364,418,320,"1,102",12,"1,114",0,"1,114",318,"1,432",77.79
,平安里,0949,357,336,345,"1,038",4,"1,042",0,"1,042",417,"1,459",71.42
,平安里,0950,340,268,317,925,7,932,0,932,283,"1,215",76.71
,平安里,0951,267,284,248,799,8,807,0,807,251,"1,058",76.28
,平南里,0952,314,298,355,967,8,975,0,975,364,"1,339",72.82
,平南里,0953,355,322,298,975,7,982,0,982,375,"1,357",72.37
,平南里,0954,388,288,391,"1,067",5,"1,072",0,"1,072",288,"1,360",78.82
,平南里,0955,345,361,332,"1,038",15,"1,053",0,"1,053",344,"1,397",75.38
,平南里,0956,429,312,275,"1,016",7,"1,023",0,"1,023",391,"1,414",72.35
,山峰里,0957,209,204,305,718,8,726,0,726,301,"1,027",70.69
,山峰里,0958,266,275,303,844,8,852,0,852,274,"1,126",75.67
,福林里,0959,201,318,185,704,5,709,0,709,270,979,72.42
,福林里,0960,246,279,309,834,6,840,0,840,275,"1,115",75.34
,福林里,0961,356,279,359,994,7,"1,001",0,"1,001",287,"1,288",77.72
,湧光里,0962,241,369,298,908,8,916,0,916,343,"1,259",72.76
,湧光里,0963,265,277,317,859,5,864,0,864,369,"1,233",70.07
,湧光里,0964,331,304,357,992,4,996,0,996,290,"1,286",77.45
,湧光里,0965,275,268,352,895,15,910,0,910,322,"1,232",73.86
,莊敬里,0966,315,265,432,"1,012",0,"1,012",0,"1,012",420,"1,432",70.67
,莊敬里,0967,252,234,322,808,4,812,0,812,300,"1,112",73.02
,莊敬里,0968,258,198,375,831,5,836,1,837,384,"1,221",68.47
,莊敬里,0969,263,225,287,775,10,785,0,785,284,"1,069",73.43
,湧豐里,0970,214,224,219,657,7,664,0,664,244,908,73.13
,湧豐里,0971,163,203,234,600,8,608,0,608,217,825,73.70
,湧安里,0972,442,325,371,"1,138",12,"1,150",0,"1,150",430,"1,580",72.78
,湧安里,0973,361,347,354,"1,062",14,"1,076",0,"1,076",429,"1,505",71.50
,湧安里,0974,356,295,367,"1,018",8,"1,026",0,"1,026",404,"1,430",71.75
,宋屋里,0975,303,370,330,"1,003",3,"1,006",0,"1,006",359,"1,365",73.70
,宋屋里,0976,317,331,302,950,4,954,0,954,302,"1,256",75.96
,宋屋里,0977,422,361,388,"1,171",5,"1,176",0,"1,176",444,"1,620",72.59
,平興里,0978,298,295,377,970,5,975,0,975,347,"1,322",73.75
,平興里,0979,335,334,347,"1,016",11,"1,027",0,"1,027",343,"1,370",74.96
,平興里,0980,391,297,359,"1,047",8,"1,055",0,"1,055",337,"1,392",75.79
,平興里,0981,355,341,338,"1,034",4,"1,038",0,"1,038",335,"1,373",75.60
,廣興里,0982,240,448,287,975,7,982,0,982,311,"1,293",75.95
,廣興里,0983,257,350,381,988,7,995,0,995,330,"1,325",75.09
,廣興里,0984,338,375,363,"1,076",6,"1,082",0,"1,082",303,"1,385",78.12
,廣興里,0985,321,323,369,"1,013",5,"1,018",0,"1,018",348,"1,366",74.52
,廣達里,0986,349,380,315,"1,044",7,"1,051",0,"1,051",353,"1,404",74.86
,廣達里,0987,291,363,314,968,3,971,0,971,276,"1,247",77.87
,廣達里,0988,291,394,281,966,7,973,0,973,286,"1,259",77.28
,廣仁里,0989,285,377,353,"1,015",5,"1,020",0,"1,020",391,"1,411",72.29
,廣仁里,0990,299,333,331,963,11,974,0,974,384,"1,358",71.72
,廣仁里,0991,266,313,315,894,2,896,0,896,448,"1,344",66.67
,復旦里,0992,291,296,378,965,7,972,0,972,274,"1,246",78.01
,復旦里,0993,356,308,333,997,2,999,0,999,335,"1,334",74.89
,復旦里,0994,354,327,327,"1,008",11,"1,019",0,"1,019",359,"1,378",73.95
,復旦里,0995,349,353,342,"1,044",4,"1,048",0,"1,048",347,"1,395",75.13
,復興里,0996,297,331,304,932,4,936,0,936,315,"1,251",74.82
,復興里,0997,211,272,225,708,4,712,0,712,256,968,73.55
,復興里,0998,323,387,369,"1,079",6,"1,085",0,"1,085",228,"1,313",82.64
,復興里,0999,301,354,304,959,2,961,0,961,323,"1,284",74.84
,義民里,1000,289,333,357,979,8,987,0,987,351,"1,338",73.77
,義民里,1001,296,305,359,960,8,968,1,969,326,"1,295",74.75
,義民里,1002,302,305,307,914,9,923,0,923,380,"1,303",70.84
,義民里,1003,340,280,266,886,8,894,0,894,360,"1,254",71.29
,義興里,1004,289,354,328,971,6,977,0,977,295,"1,272",76.81
,義興里,1005,292,381,324,997,5,"1,002",0,"1,002",307,"1,309",76.55
,義興里,1006,309,389,329,"1,027",4,"1,031",1,"1,032",324,"1,356",76.03
,義興里,1007,291,336,329,956,7,963,0,963,394,"1,357",70.97
,義興里,1008,388,308,352,"1,048",10,"1,058",0,"1,058",375,"1,433",73.83
,雙連里,1009,343,348,407,"1,098",4,"1,102",0,"1,102",440,"1,542",71.47
,雙連里,1010,324,401,367,"1,092",7,"1,099",0,"1,099",445,"1,544",71.18
,雙連里,1011,352,402,367,"1,121",9,"1,130",0,"1,130",417,"1,547",73.04
,高雙里,1012,378,578,386,"1,342",12,"1,354",0,"1,354",423,"1,777",76.20
,高雙里,1013,280,380,262,922,16,938,0,938,354,"1,292",72.60
,高雙里,1014,322,337,359,"1,018",4,"1,022",0,"1,022",272,"1,294",78.98
,北勢里,1015,211,303,244,758,7,765,0,765,242,"1,007",75.97
,北勢里,1016,261,374,392,"1,027",9,"1,036",0,"1,036",306,"1,342",77.20
,北華里,1017,295,318,367,980,8,988,0,988,250,"1,238",79.81
,北華里,1018,286,366,397,"1,049",6,"1,055",0,"1,055",328,"1,383",76.28
,北華里,1019,293,241,333,867,3,870,0,870,250,"1,120",77.68
,新勢里,1020,224,285,292,801,3,804,0,804,318,"1,122",71.66
,新勢里,1021,274,348,286,908,8,916,0,916,286,"1,202",76.21
,新勢里,1022,289,294,356,939,6,945,0,945,302,"1,247",75.78
,北安里,1023,146,230,204,580,1,581,0,581,191,772,75.26
,北安里,1024,165,246,190,601,2,603,0,603,198,801,75.28
,新榮里,1025,293,374,309,976,5,981,0,981,252,"1,233",79.56
,新榮里,1026,200,261,258,719,4,723,0,723,168,891,81.14
,新榮里,1027,364,361,344,"1,069",9,"1,078",1,"1,079",424,"1,503",71.72
,新榮里,1028,390,357,401,"1,148",4,"1,152",0,"1,152",310,"1,462",78.80
,新富里,1029,257,276,295,828,3,831,0,831,"1,525","2,356",35.27
,新富里,1030,302,293,263,858,7,865,0,865,220,"1,085",79.72
,新富里,1031,407,367,470,"1,244",4,"1,248",0,"1,248",369,"1,617",77.18
,新富里,1032,363,381,455,"1,199",15,"1,214",0,"1,214",420,"1,634",74.30
,新英里,1033,321,237,330,888,6,894,0,894,318,"1,212",73.76
,新英里,1034,309,258,340,907,2,909,0,909,277,"1,186",76.64
,新英里,1035,332,324,372,"1,028",13,"1,041",0,"1,041",342,"1,383",75.27
,新貴里,1036,327,417,348,"1,092",12,"1,104",0,"1,104",375,"1,479",74.65
,新貴里,1037,356,461,369,"1,186",8,"1,194",0,"1,194",350,"1,544",77.33
,北興里,1038,202,315,223,740,6,746,0,746,206,952,78.36
,北興里,1039,320,381,360,"1,061",6,"1,067",0,"1,067",332,"1,399",76.27
,北興里,1040,286,387,354,"1,027",8,"1,035",0,"1,035",352,"1,387",74.62
,金陵里,1041,275,404,404,"1,083",10,"1,093",0,"1,093",292,"1,385",78.92
,金陵里,1042,368,303,361,"1,032",7,"1,039",0,"1,039",361,"1,400",74.21
,北貴里,1043,276,347,280,903,7,910,0,910,273,"1,183",76.92
,北貴里,1044,339,443,353,"1,135",9,"1,144",0,"1,144",404,"1,548",73.90
,北貴里,1045,276,270,339,885,3,888,0,888,272,"1,160",76.55
,北富里,1046,287,291,346,924,9,933,0,933,309,"1,242",75.12
,北富里,1047,280,340,286,906,8,914,0,914,300,"1,214",75.29
,北富里,1048,264,397,300,961,9,970,0,970,339,"1,309",74.10
,建安里,1049,238,436,251,925,8,933,0,933,287,"1,220",76.48
,建安里,1050,360,368,465,"1,193",6,"1,199",0,"1,199",436,"1,635",73.33
,建安里,1051,295,341,332,968,2,970,0,970,389,"1,359",71.38
,華安里,1052,271,223,407,901,10,911,0,911,416,"1,327",68.65
,華安里,1053,295,268,440,"1,003",7,"1,010",0,"1,010",371,"1,381",73.14
,華安里,1054,330,222,366,918,8,926,0,926,491,"1,417",65.35
,東安里,1055,323,226,404,953,3,956,0,956,395,"1,351",70.76
,東安里,1056,304,235,417,956,8,964,0,964,410,"1,374",70.16
,新安里,1057,358,307,422,"1,087",11,"1,098",0,"1,098",391,"1,489",73.74
,新安里,1058,339,282,381,"1,002",8,"1,010",0,"1,010",455,"1,465",68.94
,新安里,1059,275,303,380,958,7,965,0,965,366,"1,331",72.50
,東勢里,1060,278,341,214,833,3,836,0,836,337,"1,173",71.27
,東勢里,1061,252,397,356,"1,005",8,"1,013",0,"1,013",364,"1,377",73.57
,東勢里,1062,286,438,252,976,5,981,0,981,358,"1,339",73.26
,東勢里,1063,319,315,410,"1,044",3,"1,047",0,"1,047",479,"1,526",68.61
,龍恩里,1064,295,235,444,974,14,988,0,988,403,"1,391",71.03
,龍恩里,1065,328,285,419,"1,032",6,"1,038",0,"1,038",418,"1,456",71.29
,東社里,1066,350,349,459,"1,158",9,"1,167",0,"1,167",451,"1,618",72.13
,東社里,1067,320,272,530,"1,122",4,"1,126",0,"1,126",456,"1,582",71.18
,忠貞里,1068,377,208,497,"1,082",4,"1,086",0,"1,086",371,"1,457",74.54
,貿易里,1069,199,170,359,728,7,735,0,735,215,950,77.37
,貿易里,1070,235,187,318,740,8,748,0,748,218,966,77.43
,龍興里,1071,253,202,460,915,6,921,0,921,365,"1,286",71.62
,龍興里,1072,236,167,431,834,4,838,0,838,297,"1,135",73.83
,中正里,1073,381,216,631,"1,228",17,"1,245",0,"1,245",397,"1,642",75.82
　龍潭區,,,"22,613","22,946","29,087","74,646",493,"75,139",2,"75,141","29,243","104,384",71.98
,黃唐里,1074,413,370,392,"1,175",12,"1,187",0,"1,187",496,"1,683",70.53
,黃唐里,1075,308,309,396,"1,013",4,"1,017",0,"1,017",462,"1,479",68.76
,黃唐里,1076,335,339,376,"1,050",4,"1,054",0,"1,054",416,"1,470",71.70
,永興里,1077,292,300,321,913,6,919,0,919,359,"1,278",71.91
,永興里,1078,282,343,375,"1,000",9,"1,009",0,"1,009",409,"1,418",71.16
,中山里,1079,358,369,521,"1,248",9,"1,257",0,"1,257",340,"1,597",78.71
,中山里,1080,468,507,507,"1,482",5,"1,487",0,"1,487",429,"1,916",77.61
,中山里,1081,370,332,360,"1,062",6,"1,068",0,"1,068",894,"1,962",54.43
,中山里,1082,216,248,272,736,6,742,0,742,253,995,74.57
,烏樹林里,1083,267,331,305,903,10,913,0,913,381,"1,294",70.56
,烏樹林里,1084,328,332,294,954,8,962,0,962,345,"1,307",73.60
,烏林里,1085,271,364,328,963,16,979,0,979,451,"1,430",68.46
,烏林里,1086,293,190,302,785,11,796,0,796,314,"1,110",71.71
,烏林里,1087,517,401,516,"1,434",7,"1,441",0,"1,441",616,"2,057",70.05
,百年里,1088,349,271,570,"1,190",9,"1,199",0,"1,199",364,"1,563",76.71
,百年里,1089,329,290,518,"1,137",10,"1,147",0,"1,147",420,"1,567",73.20
,百年里,1090,243,199,453,895,3,898,0,898,252,"1,150",78.09
,凌雲里,1091,224,263,318,805,9,814,0,814,313,"1,127",72.23
,凌雲里,1092,253,223,315,791,11,802,0,802,407,"1,209",66.34
,凌雲里,1093,292,302,327,921,10,931,0,931,434,"1,365",68.21
,龍祥里,1094,336,350,460,"1,146",8,"1,154",0,"1,154",477,"1,631",70.75
,龍祥里,1095,417,346,494,"1,257",11,"1,268",0,"1,268",573,"1,841",68.88
,八德里,1096,326,372,354,"1,052",3,"1,055",0,"1,055",425,"1,480",71.28
,八德里,1097,300,299,360,959,7,966,0,966,443,"1,409",68.56
,八德里,1098,269,322,323,914,5,919,0,919,407,"1,326",69.31
,聖德里,1099,280,386,285,951,7,958,0,958,395,"1,353",70.81
,聖德里,1100,346,356,379,"1,081",7,"1,088",1,"1,089",510,"1,599",68.04
,上林里,1101,296,358,365,"1,019",4,"1,023",0,"1,023",349,"1,372",74.56
,上林里,1102,357,450,412,"1,219",11,"1,230",0,"1,230",500,"1,730",71.10
,上林里,1103,256,284,389,929,7,936,0,936,362,"1,298",72.11
,龍潭里,1104,177,240,274,691,2,693,0,693,192,885,78.31
,龍潭里,1105,190,251,236,677,1,678,0,678,220,898,75.50
,龍星里,1106,361,312,485,"1,158",8,"1,166",0,"1,166",347,"1,513",77.07
,龍星里,1107,290,356,374,"1,020",11,"1,031",0,"1,031",262,"1,293",79.74
,龍星里,1108,280,329,354,963,4,967,0,967,299,"1,266",76.38
,中正里,1109,356,288,415,"1,059",7,"1,066",0,"1,066",362,"1,428",74.65
,中正里,1110,329,236,401,966,5,971,0,971,391,"1,362",71.29
,中正里,1111,293,265,371,929,4,933,0,933,365,"1,298",71.88
,中正里,1112,374,282,410,"1,066",3,"1,069",0,"1,069",334,"1,403",76.19
,上華里,1113,348,381,448,"1,177",3,"1,180",0,"1,180",415,"1,595",73.98
,上華里,1114,362,278,501,"1,141",9,"1,150",0,"1,150",408,"1,558",73.81
,九龍里,1115,345,289,379,"1,013",7,"1,020",0,"1,020",330,"1,350",75.56
,九龍里,1116,256,218,311,785,9,794,0,794,372,"1,166",68.10
,九龍里,1117,318,227,324,869,2,871,0,871,379,"1,250",69.68
,武漢里,1118,311,303,440,"1,054",2,"1,056",0,"1,056",415,"1,471",71.79
,祥和里,1119,212,202,202,616,4,620,0,620,285,905,68.51
,祥和里,1120,233,190,166,589,4,593,0,593,209,802,73.94
,東興里,1121,275,182,386,843,8,851,0,851,454,"1,305",65.21
,東興里,1122,247,215,399,861,4,865,0,865,404,"1,269",68.16
,東興里,1123,345,283,400,"1,028",4,"1,032",0,"1,032",309,"1,341",76.96
,中興里,1124,284,235,365,884,4,888,0,888,342,"1,230",72.20
,中興里,1125,317,253,404,974,3,977,0,977,409,"1,386",70.49
,中興里,1126,316,312,418,"1,046",4,"1,050",0,"1,050",470,"1,520",69.08
,北興里,1127,248,250,319,817,10,827,0,827,427,"1,254",65.95
,北興里,1128,202,143,333,678,4,682,0,682,346,"1,028",66.34
,佳安里,1129,244,306,338,888,7,895,0,895,314,"1,209",74.03
,佳安里,1130,216,151,376,743,4,747,0,747,279,"1,026",72.81
,佳安里,1131,339,202,417,958,3,961,0,961,273,"1,234",77.88
,三坑里,1132,256,450,332,"1,038",13,"1,051",0,"1,051",449,"1,500",70.07
,大平里,1133,162,290,268,720,4,724,0,724,386,"1,110",65.23
,大平里,1134,273,414,450,"1,137",5,"1,142",0,"1,142",476,"1,618",70.58
,三林里,1135,345,380,443,"1,168",9,"1,177",0,"1,177",363,"1,540",76.43
,三林里,1136,304,320,512,"1,136",5,"1,141",1,"1,142",368,"1,510",75.56
,建林里,1137,369,309,649,"1,327",4,"1,331",0,"1,331",415,"1,746",76.23
,建林里,1138,349,312,691,"1,352",10,"1,362",0,"1,362",460,"1,822",74.75
,富林里,1139,322,308,560,"1,190",11,"1,201",0,"1,201",505,"1,706",70.40
,富林里,1140,335,321,574,"1,230",8,"1,238",0,"1,238",395,"1,633",75.81
,高平里,1141,332,433,362,"1,127",9,"1,136",0,"1,136",489,"1,625",69.91
,高平里,1142,334,405,345,"1,084",7,"1,091",0,"1,091",428,"1,519",71.82
,高原里,1143,271,390,287,948,6,954,0,954,426,"1,380",69.13
,高原里,1144,303,353,289,945,4,949,0,949,368,"1,317",72.06
,高原里,1145,300,297,365,962,6,968,0,968,455,"1,423",68.03
,三和里,1146,143,256,182,581,2,583,0,583,213,796,73.24
,渴望里,1147,241,224,407,872,6,878,0,878,267,"1,145",76.68
,渴望里,1148,191,248,408,847,5,852,0,852,228,"1,080",78.89
,三水里,1149,124,251,130,505,4,509,0,509,144,653,77.95
　八德區,,,"37,940","42,424","43,356","123,720",923,"124,643",1,"124,644","48,633","173,277",71.93
,興仁里,1150,425,333,367,"1,125",6,"1,131",0,"1,131",437,"1,568",72.13
,興仁里,1151,261,342,249,852,9,861,0,861,361,"1,222",70.46
,興仁里,1152,170,173,195,538,4,542,0,542,"1,169","1,711",31.68
,興中里,1153,386,292,292,970,5,975,0,975,360,"1,335",73.03
,興中里,1154,373,353,396,"1,122",11,"1,133",0,"1,133",511,"1,644",68.92
,興中里,1155,428,289,291,"1,008",5,"1,013",0,"1,013",491,"1,504",67.35
,福興里,1156,463,310,298,"1,071",14,"1,085",0,"1,085",450,"1,535",70.68
,福興里,1157,347,363,331,"1,041",2,"1,043",0,"1,043",469,"1,512",68.98
,福興里,1158,348,402,370,"1,120",7,"1,127",0,"1,127",504,"1,631",69.10
,福元里,1159,315,296,299,910,5,915,0,915,383,"1,298",70.49
,福元里,1160,380,304,358,"1,042",7,"1,049",0,"1,049",428,"1,477",71.02
,福元里,1161,384,390,300,"1,074",5,"1,079",0,"1,079",384,"1,463",73.75
,福德里,1162,371,321,292,984,3,987,0,987,441,"1,428",69.12
,福德里,1163,342,327,335,"1,004",12,"1,016",0,"1,016",446,"1,462",69.49
,瑞豐里,1164,314,295,322,931,15,946,0,946,335,"1,281",73.85
,瑞豐里,1165,466,305,270,"1,041",8,"1,049",0,"1,049",439,"1,488",70.50
,瑞豐里,1166,361,244,352,957,11,968,0,968,468,"1,436",67.41
,瑞豐里,1167,410,329,271,"1,010",1,"1,011",0,"1,011",427,"1,438",70.31
,瑞興里,1168,378,410,278,"1,066",5,"1,071",0,"1,071",388,"1,459",73.41
,瑞興里,1169,269,390,322,981,5,986,0,986,336,"1,322",74.58
,瑞泰里,1170,306,361,336,"1,003",10,"1,013",0,"1,013",359,"1,372",73.83
,瑞泰里,1171,279,373,288,940,6,946,0,946,335,"1,281",73.85
,瑞泰里,1172,267,280,372,919,7,926,0,926,446,"1,372",67.49
,瑞發里,1173,281,421,453,"1,155",9,"1,164",0,"1,164",396,"1,560",74.62
,瑞發里,1174,311,323,487,"1,121",14,"1,135",0,"1,135",373,"1,508",75.27
,瑞德里,1175,208,248,295,751,3,754,0,754,297,"1,051",71.74
,瑞德里,1176,224,229,364,817,8,825,0,825,423,"1,248",66.11
,瑞德里,1177,217,174,410,801,18,819,0,819,327,"1,146",71.47
,瑞祥里,1178,309,299,478,"1,086",5,"1,091",0,"1,091",418,"1,509",72.30
,瑞祥里,1179,387,271,501,"1,159",5,"1,164",0,"1,164",446,"1,610",72.30
,廣德里,1180,235,391,283,909,10,919,0,919,335,"1,254",73.29
,廣德里,1181,348,348,366,"1,062",5,"1,067",0,"1,067",286,"1,353",78.86
,廣興里,1182,287,439,356,"1,082",13,"1,095",0,"1,095",519,"1,614",67.84
,廣興里,1183,319,435,339,"1,093",9,"1,102",0,"1,102",405,"1,507",73.13
,廣隆里,1184,294,305,412,"1,011",5,"1,016",0,"1,016",330,"1,346",75.48
,廣隆里,1185,174,271,317,762,8,770,0,770,258,"1,028",74.90
,廣隆里,1186,213,326,291,830,7,837,0,837,270,"1,107",75.61
,廣隆里,1187,264,224,223,711,0,711,0,711,261,972,73.15
,竹園里,1188,217,306,243,766,4,770,0,770,346,"1,116",69.00
,竹園里,1189,308,296,250,854,5,859,0,859,309,"1,168",73.54
,竹園里,1190,280,280,318,878,14,892,0,892,379,"1,271",70.18
,霄裡里,1191,238,303,256,797,7,804,0,804,361,"1,165",69.01
,霄裡里,1192,203,301,205,709,2,711,0,711,296,"1,007",70.61
,龍友里,1193,211,128,426,765,8,773,0,773,311,"1,084",71.31
,龍友里,1194,196,128,402,726,14,740,0,740,255,995,74.37
,茄明里,1195,407,404,452,"1,263",10,"1,273",0,"1,273",561,"1,834",69.41
,茄明里,1196,305,392,339,"1,036",5,"1,041",0,"1,041",386,"1,427",72.95
,茄明里,1197,413,370,357,"1,140",10,"1,150",0,"1,150",501,"1,651",69.65
,茄苳里,1198,343,333,269,945,7,952,0,952,340,"1,292",73.68
,茄苳里,1199,258,332,207,797,6,803,0,803,346,"1,149",69.89
,永豐里,1200,358,399,314,"1,071",5,"1,076",0,"1,076",437,"1,513",71.12
,永豐里,1201,253,416,313,982,9,991,0,991,400,"1,391",71.24
,高明里,1202,295,352,294,941,8,949,0,949,351,"1,300",73.00
,高明里,1203,211,277,240,728,8,736,0,736,391,"1,127",65.31
,高明里,1204,271,353,285,909,9,918,0,918,356,"1,274",72.06
,高城里,1205,317,410,410,"1,137",5,"1,142",0,"1,142",399,"1,541",74.11
,高城里,1206,382,331,356,"1,069",3,"1,072",0,"1,072",465,"1,537",69.75
,白鷺里,1207,318,434,349,"1,101",11,"1,112",0,"1,112",496,"1,608",69.15
,白鷺里,1208,255,409,307,971,10,981,0,981,356,"1,337",73.37
,大湳里,1209,307,432,297,"1,036",4,"1,040",0,"1,040",343,"1,383",75.20
,大湳里,1210,282,380,290,952,8,960,0,960,389,"1,349",71.16
,大湳里,1211,209,318,252,779,12,791,0,791,389,"1,180",67.03
,大發里,1212,195,326,239,760,4,764,0,764,269,"1,033",73.96
,大發里,1213,215,272,200,687,2,689,0,689,291,980,70.31
,大仁里,1214,233,347,229,809,4,813,0,813,245,"1,058",76.84
,大仁里,1215,332,420,333,"1,085",7,"1,092",0,"1,092",437,"1,529",71.42
,大仁里,1216,305,438,318,"1,061",9,"1,070",0,"1,070",360,"1,430",74.83
,大明里,1217,203,333,248,784,11,795,1,796,371,"1,167",68.12
,大明里,1218,318,377,322,"1,017",6,"1,023",0,"1,023",274,"1,297",78.87
,大明里,1219,202,318,199,719,6,725,0,725,357,"1,082",67.01
,大安里,1220,264,437,256,957,8,965,0,965,353,"1,318",73.22
,大安里,1221,256,302,215,773,3,776,0,776,270,"1,046",74.19
,大安里,1222,232,311,252,795,5,800,0,800,265,"1,065",75.12
,大竹里,1223,339,493,303,"1,135",12,"1,147",0,"1,147",350,"1,497",76.62
,大興里,1224,319,375,368,"1,062",1,"1,063",0,"1,063",389,"1,452",73.21
,大興里,1225,257,381,283,921,6,927,0,927,268,"1,195",77.57
,大興里,1226,291,302,318,911,5,916,0,916,355,"1,271",72.07
,大愛里,1227,246,320,339,905,15,920,0,920,343,"1,263",72.84
,大愛里,1228,289,270,335,894,7,901,0,901,300,"1,201",75.02
,大華里,1229,253,294,295,842,5,847,0,847,307,"1,154",73.40
,大華里,1230,250,289,377,916,12,928,0,928,357,"1,285",72.22
,大順里,1231,221,252,318,791,5,796,0,796,308,"1,104",72.10
,大順里,1232,260,391,296,947,6,953,0,953,395,"1,348",70.70
,大和里,1233,319,264,483,"1,066",2,"1,068",0,"1,068",528,"1,596",66.92
,大和里,1234,299,299,388,986,8,994,0,994,330,"1,324",75.08
,大和里,1235,379,319,438,"1,136",9,"1,145",0,"1,145",430,"1,575",72.70
,大和里,1236,315,288,476,"1,079",11,"1,090",0,"1,090",459,"1,549",70.37
,大和里,1237,299,363,348,"1,010",12,"1,022",0,"1,022",339,"1,361",75.09
,大昌里,1238,271,365,336,972,11,983,0,983,327,"1,310",75.04
,大昌里,1239,280,348,388,"1,016",7,"1,023",0,"1,023",411,"1,434",71.34
,大信里,1240,271,362,327,960,6,966,0,966,414,"1,380",70.00
,大信里,1241,39,57,316,412,5,417,0,417,169,586,71.16
,大信里,1242,269,363,311,943,12,955,0,955,479,"1,434",66.60
,陸光里,1243,264,183,558,"1,005",16,"1,021",0,"1,021",433,"1,454",70.22
,陸光里,1244,237,140,628,"1,005",5,"1,010",0,"1,010",409,"1,419",71.18
,陸光里,1245,238,163,511,912,3,915,0,915,456,"1,371",66.74
,大慶里,1246,265,372,316,953,9,962,0,962,405,"1,367",70.37
,大同里,1247,254,467,347,"1,068",10,"1,078",0,"1,078",387,"1,465",73.58
,大成里,1248,299,543,345,"1,187",8,"1,195",0,"1,195",369,"1,564",76.41
,大成里,1249,312,392,467,"1,171",16,"1,187",0,"1,187",395,"1,582",75.03
,大義里,1250,197,238,354,789,4,793,0,793,389,"1,182",67.09
,大義里,1251,212,340,307,859,7,866,0,866,344,"1,210",71.57
,大義里,1252,273,245,344,862,4,866,0,866,371,"1,237",70.01
,大忠里,1253,342,401,457,"1,200",11,"1,211",0,"1,211",506,"1,717",70.53
,大智里,1254,333,302,438,"1,073",5,"1,078",0,"1,078",387,"1,465",73.58
,大智里,1255,274,274,449,997,7,"1,004",0,"1,004",402,"1,406",71.41
,大智里,1256,339,315,425,"1,079",6,"1,085",0,"1,085",306,"1,391",78.00
,大宏里,1257,364,395,441,"1,200",6,"1,206",0,"1,206",383,"1,589",75.90
,大宏里,1258,568,400,418,"1,386",10,"1,396",0,"1,396",451,"1,847",75.58
,大宏里,1259,325,377,364,"1,066",7,"1,073",0,"1,073",290,"1,363",78.72
,大正里,1260,288,381,377,"1,046",8,"1,054",0,"1,054",337,"1,391",75.77
,大正里,1261,411,364,343,"1,118",6,"1,124",0,"1,124",443,"1,567",71.73
,大正里,1262,389,363,320,"1,072",2,"1,074",0,"1,074",352,"1,426",75.32
,大福里,1263,286,273,439,998,3,"1,001",0,"1,001",254,"1,255",79.76
,大福里,1264,225,402,299,926,6,932,0,932,336,"1,268",73.50
,大福里,1265,407,371,351,"1,129",5,"1,134",0,"1,134",358,"1,492",76.01
,大福里,1266,251,296,280,827,4,831,0,831,268,"1,099",75.61
,大強里,1267,340,532,339,"1,211",8,"1,219",0,"1,219",377,"1,596",76.38
,大強里,1268,314,437,360,"1,111",6,"1,117",0,"1,117",378,"1,495",74.72
,大勇里,1269,272,360,266,898,4,902,0,902,320,"1,222",73.81
,大勇里,1270,263,380,323,966,9,975,0,975,369,"1,344",72.54
,大勇里,1271,356,415,378,"1,149",7,"1,156",0,"1,156",347,"1,503",76.91
,大榮里,1272,192,247,256,695,3,698,0,698,256,954,73.17
,大榮里,1273,202,219,201,622,5,627,0,627,273,900,69.67
,大千里,1274,217,226,330,773,5,778,0,778,271,"1,049",74.17
,大千里,1275,291,226,278,795,6,801,0,801,331,"1,132",70.76
,大漢里,1276,330,287,396,"1,013",3,"1,016",0,"1,016",357,"1,373",74.00
,大漢里,1277,304,265,296,865,2,867,0,867,345,"1,212",71.53
,大漢里,1278,334,287,311,932,9,941,0,941,354,"1,295",72.66
　大溪區,,,"15,163","22,229","17,896","55,288",355,"55,643",1,"55,644","22,834","78,478",70.90
,興和里,1279,227,505,274,"1,006",4,"1,010",0,"1,010",352,"1,362",74.16
,福仁里,1280,148,398,158,704,5,709,0,709,230,939,75.51
,田心里,1281,311,506,271,"1,088",5,"1,093",0,"1,093",382,"1,475",74.10
,田心里,1282,238,501,240,979,4,983,0,983,392,"1,375",71.49
,田心里,1283,292,461,241,994,3,997,0,997,417,"1,414",70.51
,一心里,1284,227,340,189,756,3,759,0,759,343,"1,102",68.87
,一心里,1285,246,378,250,874,4,878,0,878,335,"1,213",72.38
,一心里,1286,236,361,267,864,2,866,0,866,337,"1,203",71.99
,一心里,1287,188,289,185,662,2,664,0,664,520,"1,184",56.08
,一德里,1288,220,448,204,872,8,880,0,880,330,"1,210",72.73
,一德里,1289,261,376,317,954,8,962,0,962,417,"1,379",69.76
,一德里,1290,239,470,196,905,9,914,0,914,359,"1,273",71.80
,一德里,1291,273,433,317,"1,023",14,"1,037",0,"1,037",566,"1,603",64.69
,月眉里,1292,225,453,186,864,2,866,0,866,332,"1,198",72.29
,永福里,1293,130,368,150,648,5,653,0,653,260,913,71.52
,康安里,1294,172,520,221,913,6,919,0,919,319,"1,238",74.23
,義和里,1295,182,430,189,801,1,802,0,802,269,"1,071",74.88
,義和里,1296,83,218,113,414,1,415,0,415,200,615,67.48
,美華里,1297,225,427,172,824,5,829,0,829,293,"1,122",73.89
,美華里,1298,237,408,241,886,9,895,0,895,326,"1,221",73.30
,美華里,1299,86,240,111,437,2,439,0,439,210,649,67.64
,福安里,1300,148,451,258,857,7,864,0,864,383,"1,247",69.29
,福安里,1301,140,430,105,675,4,679,0,679,222,901,75.36
,復興里,1302,120,314,144,578,6,584,0,584,253,837,69.77
,新峰里,1303,96,281,148,525,4,529,0,529,232,761,69.51
,中新里,1304,139,338,133,610,4,614,0,614,193,807,76.08
,中新里,1305,120,247,142,509,3,512,0,512,159,671,76.30
,瑞興里,1306,226,518,213,957,7,964,0,964,374,"1,338",72.05
,瑞興里,1307,201,322,290,813,6,819,0,819,471,"1,290",63.49
,仁善里,1308,340,460,306,"1,106",15,"1,121",0,"1,121",428,"1,549",72.37
,仁善里,1309,376,386,391,"1,153",2,"1,155",0,"1,155",413,"1,568",73.66
,仁善里,1310,399,362,351,"1,112",6,"1,118",0,"1,118",403,"1,521",73.50
,仁美里,1311,198,208,259,665,7,672,0,672,298,970,69.28
,仁美里,1312,235,267,257,759,3,762,0,762,271,"1,033",73.77
,仁美里,1313,282,327,341,950,5,955,0,955,327,"1,282",74.49
,僑愛里,1314,211,89,593,893,5,898,0,898,277,"1,175",76.43
,僑愛里,1315,242,164,450,856,6,862,0,862,361,"1,223",70.48
,仁義里,1316,270,244,432,946,10,956,0,956,479,"1,435",66.62
,仁義里,1317,179,161,466,806,7,813,0,813,515,"1,328",61.22
,仁和里,1318,369,374,479,"1,222",6,"1,228",0,"1,228",424,"1,652",74.33
,仁和里,1319,399,480,396,"1,275",7,"1,282",0,"1,282",445,"1,727",74.23
,仁和里,1320,319,420,327,"1,066",1,"1,067",0,"1,067",451,"1,518",70.29
,仁愛里,1321,318,333,319,970,4,974,1,975,364,"1,339",72.74
,仁愛里,1322,282,332,258,872,8,880,0,880,227,"1,107",79.49
,仁愛里,1323,303,379,305,987,4,991,0,991,346,"1,337",74.12
,仁愛里,1324,329,290,316,935,8,943,0,943,441,"1,384",68.14
,仁武里,1325,324,398,419,"1,141",6,"1,147",0,"1,147",439,"1,586",72.32
,仁武里,1326,314,358,433,"1,105",12,"1,117",0,"1,117",473,"1,590",70.25
,仁文里,1327,258,297,317,872,3,875,0,875,426,"1,301",67.26
,仁文里,1328,213,213,276,702,6,708,0,708,324,"1,032",68.60
,仁文里,1329,346,407,382,"1,135",5,"1,140",0,"1,140",366,"1,506",75.70
,南興里,1330,253,399,225,877,9,886,0,886,340,"1,226",72.27
,南興里,1331,239,432,219,890,5,895,0,895,372,"1,267",70.64
,南興里,1332,255,345,241,841,4,845,0,845,450,"1,295",65.25
,南興里,1333,256,299,321,876,5,881,0,881,428,"1,309",67.30
,光明里,1334,222,241,365,828,6,834,0,834,480,"1,314",63.47
,光明里,1335,196,197,389,782,8,790,0,790,361,"1,151",68.64
,員林里,1336,334,401,363,"1,098",13,"1,111",0,"1,111",533,"1,644",67.58
,三元里,1337,257,289,423,969,6,975,0,975,430,"1,405",69.40
,三元里,1338,298,196,503,997,6,"1,003",0,"1,003",455,"1,458",68.79
,瑞源里,1339,295,309,288,892,7,899,0,899,319,"1,218",73.81
,瑞源里,1340,226,296,324,846,4,850,0,850,300,"1,150",73.91
,瑞源里,1341,190,445,237,872,3,875,0,875,392,"1,267",69.06
　復興區,,,"1,666","1,434","3,222","6,322",58,"6,380",0,"6,380","3,955","10,335",61.73
,三民里,1342,146,307,269,722,6,728,0,728,311,"1,039",70.07
,三民里,1343,171,213,318,702,7,709,0,709,372,"1,081",65.59
,澤仁里,1344,222,226,452,900,6,906,0,906,558,"1,464",61.89
,霞雲里,1345,116,49,266,431,8,439,0,439,255,694,63.26
,義盛里,1346,128,58,282,468,7,475,0,475,283,758,62.66
,羅浮里,1347,203,149,349,701,7,708,0,708,407,"1,115",63.50
,長興里,1348,107,83,192,382,1,383,0,383,275,658,58.21
,奎輝里,1349,142,58,268,468,4,472,0,472,261,733,64.39
,高義里,1350,135,60,224,419,3,422,0,422,372,794,53.15
,三光里,1351,114,48,238,400,5,405,0,405,309,714,56.72
,華陵里,1352,182,183,364,729,4,733,0,733,552,"1,285",57.04
